ProjectId,ProjectStatus,ProjectUserId,RoleTypeId
5a2922f3-f0b6-42f0-afbe-c5c0af6cd4bf,2,6abb1572-6038-4c74-b98b-39a6c471a183,913e4b53-e34b-4fb5-ac4e-8fea4b73be6f
5a2922f3-f0b6-42f0-afbe-c5c0af6cd4bf,2,b927a379-2293-44ad-a71a-b5e6dd804c34,913e4b53-e34b-4fb5-ac4e-8fea4b73be6f
5a2922f3-f0b6-42f0-afbe-c5c0af6cd4bf,2,f7aae502-3378-4f0b-a636-904269ac5b2f,913e4b53-e34b-4fb5-ac4e-8fea4b73be6f
5a2922f3-f0b6-42f0-afbe-c5c0af6cd4bf,2,33f6400b-c79b-48c3-a71d-901c75fdca42,913e4b53-e34b-4fb5-ac4e-8fea4b73be6f
5a2922f3-f0b6-42f0-afbe-c5c0af6cd4bf,2,318aa8a3-3c89-43f5-88e0-fce0cbd466f4,913e4b53-e34b-4fb5-ac4e-8fea4b73be6f
4c39f72c-f103-4ccf-96e9-16110b9a33a4,2,b927a379-2293-44ad-a71a-b5e6dd804c34,913e4b53-e34b-4fb5-ac4e-8fea4b73be6f
4c39f72c-f103-4ccf-96e9-16110b9a33a4,2,6abb1572-6038-4c74-b98b-39a6c471a183,913e4b53-e34b-4fb5-ac4e-8fea4b73be6f
4c39f72c-f103-4ccf-96e9-16110b9a33a4,2,f7aae502-3378-4f0b-a636-904269ac5b2f,cc12dd97-95e7-4f30-8f88-0fa1eb614093
4c39f72c-f103-4ccf-96e9-16110b9a33a4,2,33f6400b-c79b-48c3-a71d-901c75fdca42,913e4b53-e34b-4fb5-ac4e-8fea4b73be6f
4c39f72c-f103-4ccf-96e9-16110b9a33a4,2,318aa8a3-3c89-43f5-88e0-fce0cbd466f4,913e4b53-e34b-4fb5-ac4e-8fea4b73be6f
fa4c4c95-2c9b-441c-b640-3996541032fd,2,b927a379-2293-44ad-a71a-b5e6dd804c34,913e4b53-e34b-4fb5-ac4e-8fea4b73be6f
fa4c4c95-2c9b-441c-b640-3996541032fd,2,6abb1572-6038-4c74-b98b-39a6c471a183,913e4b53-e34b-4fb5-ac4e-8fea4b73be6f
fa4c4c95-2c9b-441c-b640-3996541032fd,2,f7aae502-3378-4f0b-a636-904269ac5b2f,cc12dd97-95e7-4f30-8f88-0fa1eb614093
fa4c4c95-2c9b-441c-b640-3996541032fd,2,33f6400b-c79b-48c3-a71d-901c75fdca42,913e4b53-e34b-4fb5-ac4e-8fea4b73be6f
fa4c4c95-2c9b-441c-b640-3996541032fd,2,318aa8a3-3c89-43f5-88e0-fce0cbd466f4,913e4b53-e34b-4fb5-ac4e-8fea4b73be6f
543d5956-018d-4469-a37e-5e25b552e3de,2,6abb1572-6038-4c74-b98b-39a6c471a183,913e4b53-e34b-4fb5-ac4e-8fea4b73be6f
543d5956-018d-4469-a37e-5e25b552e3de,2,b927a379-2293-44ad-a71a-b5e6dd804c34,913e4b53-e34b-4fb5-ac4e-8fea4b73be6f
543d5956-018d-4469-a37e-5e25b552e3de,2,f7aae502-3378-4f0b-a636-904269ac5b2f,cc12dd97-95e7-4f30-8f88-0fa1eb614093
543d5956-018d-4469-a37e-5e25b552e3de,2,33f6400b-c79b-48c3-a71d-901c75fdca42,913e4b53-e34b-4fb5-ac4e-8fea4b73be6f
543d5956-018d-4469-a37e-5e25b552e3de,2,318aa8a3-3c89-43f5-88e0-fce0cbd466f4,913e4b53-e34b-4fb5-ac4e-8fea4b73be6f
f0c1d696-e8f8-495a-bb3b-0c82ddecb9c2,2,6abb1572-6038-4c74-b98b-39a6c471a183,913e4b53-e34b-4fb5-ac4e-8fea4b73be6f
f0c1d696-e8f8-495a-bb3b-0c82ddecb9c2,2,b927a379-2293-44ad-a71a-b5e6dd804c34,913e4b53-e34b-4fb5-ac4e-8fea4b73be6f
f0c1d696-e8f8-495a-bb3b-0c82ddecb9c2,2,f7aae502-3378-4f0b-a636-904269ac5b2f,cc12dd97-95e7-4f30-8f88-0fa1eb614093
f0c1d696-e8f8-495a-bb3b-0c82ddecb9c2,2,33f6400b-c79b-48c3-a71d-901c75fdca42,913e4b53-e34b-4fb5-ac4e-8fea4b73be6f
f0c1d696-e8f8-495a-bb3b-0c82ddecb9c2,2,318aa8a3-3c89-43f5-88e0-fce0cbd466f4,913e4b53-e34b-4fb5-ac4e-8fea4b73be6f
d5c9eb6d-be85-4ab6-9823-2888f84ddac3,2,b927a379-2293-44ad-a71a-b5e6dd804c34,913e4b53-e34b-4fb5-ac4e-8fea4b73be6f
d5c9eb6d-be85-4ab6-9823-2888f84ddac3,2,6abb1572-6038-4c74-b98b-39a6c471a183,913e4b53-e34b-4fb5-ac4e-8fea4b73be6f
d5c9eb6d-be85-4ab6-9823-2888f84ddac3,2,f7aae502-3378-4f0b-a636-904269ac5b2f,cc12dd97-95e7-4f30-8f88-0fa1eb614093
d5c9eb6d-be85-4ab6-9823-2888f84ddac3,2,33f6400b-c79b-48c3-a71d-901c75fdca42,913e4b53-e34b-4fb5-ac4e-8fea4b73be6f
d5c9eb6d-be85-4ab6-9823-2888f84ddac3,2,318aa8a3-3c89-43f5-88e0-fce0cbd466f4,913e4b53-e34b-4fb5-ac4e-8fea4b73be6f
16f16170-1121-4d01-a058-0f7c45c862f6,2,b927a379-2293-44ad-a71a-b5e6dd804c34,913e4b53-e34b-4fb5-ac4e-8fea4b73be6f
16f16170-1121-4d01-a058-0f7c45c862f6,2,6abb1572-6038-4c74-b98b-39a6c471a183,913e4b53-e34b-4fb5-ac4e-8fea4b73be6f
16f16170-1121-4d01-a058-0f7c45c862f6,2,f7aae502-3378-4f0b-a636-904269ac5b2f,cc12dd97-95e7-4f30-8f88-0fa1eb614093
16f16170-1121-4d01-a058-0f7c45c862f6,2,33f6400b-c79b-48c3-a71d-901c75fdca42,913e4b53-e34b-4fb5-ac4e-8fea4b73be6f
16f16170-1121-4d01-a058-0f7c45c862f6,2,318aa8a3-3c89-43f5-88e0-fce0cbd466f4,913e4b53-e34b-4fb5-ac4e-8fea4b73be6f
e5def3ea-35dc-4a8d-97c8-7849f5698b36,2,b927a379-2293-44ad-a71a-b5e6dd804c34,913e4b53-e34b-4fb5-ac4e-8fea4b73be6f
e5def3ea-35dc-4a8d-97c8-7849f5698b36,2,6abb1572-6038-4c74-b98b-39a6c471a183,913e4b53-e34b-4fb5-ac4e-8fea4b73be6f
e5def3ea-35dc-4a8d-97c8-7849f5698b36,2,f7aae502-3378-4f0b-a636-904269ac5b2f,913e4b53-e34b-4fb5-ac4e-8fea4b73be6f
e5def3ea-35dc-4a8d-97c8-7849f5698b36,2,33f6400b-c79b-48c3-a71d-901c75fdca42,913e4b53-e34b-4fb5-ac4e-8fea4b73be6f
e5def3ea-35dc-4a8d-97c8-7849f5698b36,2,318aa8a3-3c89-43f5-88e0-fce0cbd466f4,913e4b53-e34b-4fb5-ac4e-8fea4b73be6f
0211c035-c041-4509-9481-a90ba43320bb,2,6abb1572-6038-4c74-b98b-39a6c471a183,913e4b53-e34b-4fb5-ac4e-8fea4b73be6f
0211c035-c041-4509-9481-a90ba43320bb,2,b927a379-2293-44ad-a71a-b5e6dd804c34,913e4b53-e34b-4fb5-ac4e-8fea4b73be6f
0211c035-c041-4509-9481-a90ba43320bb,2,f7aae502-3378-4f0b-a636-904269ac5b2f,cc12dd97-95e7-4f30-8f88-0fa1eb614093
0211c035-c041-4509-9481-a90ba43320bb,2,33f6400b-c79b-48c3-a71d-901c75fdca42,913e4b53-e34b-4fb5-ac4e-8fea4b73be6f
0211c035-c041-4509-9481-a90ba43320bb,2,318aa8a3-3c89-43f5-88e0-fce0cbd466f4,913e4b53-e34b-4fb5-ac4e-8fea4b73be6f
becd4af6-2f42-423e-a259-a00675cebccd,2,b927a379-2293-44ad-a71a-b5e6dd804c34,913e4b53-e34b-4fb5-ac4e-8fea4b73be6f
becd4af6-2f42-423e-a259-a00675cebccd,2,6abb1572-6038-4c74-b98b-39a6c471a183,913e4b53-e34b-4fb5-ac4e-8fea4b73be6f
becd4af6-2f42-423e-a259-a00675cebccd,2,f7aae502-3378-4f0b-a636-904269ac5b2f,cc12dd97-95e7-4f30-8f88-0fa1eb614093
becd4af6-2f42-423e-a259-a00675cebccd,2,33f6400b-c79b-48c3-a71d-901c75fdca42,913e4b53-e34b-4fb5-ac4e-8fea4b73be6f
becd4af6-2f42-423e-a259-a00675cebccd,2,318aa8a3-3c89-43f5-88e0-fce0cbd466f4,913e4b53-e34b-4fb5-ac4e-8fea4b73be6f
4720d346-7ad5-4886-b043-a2411d683a64,2,b927a379-2293-44ad-a71a-b5e6dd804c34,913e4b53-e34b-4fb5-ac4e-8fea4b73be6f
4720d346-7ad5-4886-b043-a2411d683a64,2,6abb1572-6038-4c74-b98b-39a6c471a183,913e4b53-e34b-4fb5-ac4e-8fea4b73be6f
4720d346-7ad5-4886-b043-a2411d683a64,2,f7aae502-3378-4f0b-a636-904269ac5b2f,cc12dd97-95e7-4f30-8f88-0fa1eb614093
4720d346-7ad5-4886-b043-a2411d683a64,2,33f6400b-c79b-48c3-a71d-901c75fdca42,913e4b53-e34b-4fb5-ac4e-8fea4b73be6f
4720d346-7ad5-4886-b043-a2411d683a64,2,318aa8a3-3c89-43f5-88e0-fce0cbd466f4,913e4b53-e34b-4fb5-ac4e-8fea4b73be6f
5588d99b-de40-4882-9584-af99fe8d7abc,1,b927a379-2293-44ad-a71a-b5e6dd804c34,913e4b53-e34b-4fb5-ac4e-8fea4b73be6f
5588d99b-de40-4882-9584-af99fe8d7abc,1,6abb1572-6038-4c74-b98b-39a6c471a183,913e4b53-e34b-4fb5-ac4e-8fea4b73be6f
5588d99b-de40-4882-9584-af99fe8d7abc,1,f7aae502-3378-4f0b-a636-904269ac5b2f,9e53b96e-58c3-42d0-bd41-4770c9355910
5588d99b-de40-4882-9584-af99fe8d7abc,1,318aa8a3-3c89-43f5-88e0-fce0cbd466f4,913e4b53-e34b-4fb5-ac4e-8fea4b73be6f
5588d99b-de40-4882-9584-af99fe8d7abc,1,51ec126a-abcb-4a7b-a08b-1e7fa624fe73,ff7e0b47-e6ae-43e2-a6f1-4e6fdbaf4497
5588d99b-de40-4882-9584-af99fe8d7abc,1,dddf847f-4967-4df2-8b61-76b02d29db23,913e4b53-e34b-4fb5-ac4e-8fea4b73be6f
5588d99b-de40-4882-9584-af99fe8d7abc,1,e02d1851-77be-496b-bf3e-1d33be793e9c,73cb25d5-51c0-45c6-b512-0093b9a689e7
5588d99b-de40-4882-9584-af99fe8d7abc,1,d591d318-cc2a-478c-87a9-d13521d2bbf6,cc12dd97-95e7-4f30-8f88-0fa1eb614093
5588d99b-de40-4882-9584-af99fe8d7abc,1,f499258a-d33d-4278-beb5-f0ff44ccc905,913e4b53-e34b-4fb5-ac4e-8fea4b73be6f
5588d99b-de40-4882-9584-af99fe8d7abc,1,77c2d288-2b65-42e5-a489-baab0cbd189f,464ffa36-4e42-4eaa-a357-3d5ecf3d1256
5588d99b-de40-4882-9584-af99fe8d7abc,1,a4f8d3a1-ea2a-415e-a4cd-12504916ca86,8bf6a3ec-cd49-4ebc-8170-0c9b07c034a3
5588d99b-de40-4882-9584-af99fe8d7abc,1,ae7ab130-009e-4911-9748-900fe898334d,ff7e0b47-e6ae-43e2-a6f1-4e6fdbaf4497
5588d99b-de40-4882-9584-af99fe8d7abc,1,535232f3-b8b9-4186-a2d8-ee9bd30af012,d62b4fa3-381b-4953-948d-143f3d8ea9e7
5588d99b-de40-4882-9584-af99fe8d7abc,1,69d15250-4737-4e4a-8d16-d50057fd56e0,216a3e29-d34d-4ea8-8549-dd6b5e9b30be
5588d99b-de40-4882-9584-af99fe8d7abc,1,dbf04494-8341-4d26-ab32-f4784feced21,30e7f88f-363a-47a1-96d8-2de735550f7a
5588d99b-de40-4882-9584-af99fe8d7abc,1,d377fd00-fae7-4fe1-9b4c-e80e396a57db,6249ca85-13ef-44d7-8d45-6708f927fcef
8c9e37ec-5cf8-4062-814a-be3179bb89bb,2,6abb1572-6038-4c74-b98b-39a6c471a183,913e4b53-e34b-4fb5-ac4e-8fea4b73be6f
8c9e37ec-5cf8-4062-814a-be3179bb89bb,2,b927a379-2293-44ad-a71a-b5e6dd804c34,913e4b53-e34b-4fb5-ac4e-8fea4b73be6f
8c9e37ec-5cf8-4062-814a-be3179bb89bb,2,f7aae502-3378-4f0b-a636-904269ac5b2f,9e53b96e-58c3-42d0-bd41-4770c9355910
8c9e37ec-5cf8-4062-814a-be3179bb89bb,2,33f6400b-c79b-48c3-a71d-901c75fdca42,9e53b96e-58c3-42d0-bd41-4770c9355910
8c9e37ec-5cf8-4062-814a-be3179bb89bb,2,318aa8a3-3c89-43f5-88e0-fce0cbd466f4,913e4b53-e34b-4fb5-ac4e-8fea4b73be6f
8c9e37ec-5cf8-4062-814a-be3179bb89bb,2,f499258a-d33d-4278-beb5-f0ff44ccc905,913e4b53-e34b-4fb5-ac4e-8fea4b73be6f
8c9e37ec-5cf8-4062-814a-be3179bb89bb,2,77c2d288-2b65-42e5-a489-baab0cbd189f,464ffa36-4e42-4eaa-a357-3d5ecf3d1256
8c9e37ec-5cf8-4062-814a-be3179bb89bb,2,e02d1851-77be-496b-bf3e-1d33be793e9c,73cb25d5-51c0-45c6-b512-0093b9a689e7
8c9e37ec-5cf8-4062-814a-be3179bb89bb,2,535232f3-b8b9-4186-a2d8-ee9bd30af012,d62b4fa3-381b-4953-948d-143f3d8ea9e7
8c9e37ec-5cf8-4062-814a-be3179bb89bb,2,69d15250-4737-4e4a-8d16-d50057fd56e0,216a3e29-d34d-4ea8-8549-dd6b5e9b30be
8c9e37ec-5cf8-4062-814a-be3179bb89bb,2,dbf04494-8341-4d26-ab32-f4784feced21,30e7f88f-363a-47a1-96d8-2de735550f7a
8c9e37ec-5cf8-4062-814a-be3179bb89bb,2,d377fd00-fae7-4fe1-9b4c-e80e396a57db,6249ca85-13ef-44d7-8d45-6708f927fcef
8c9e37ec-5cf8-4062-814a-be3179bb89bb,2,d591d318-cc2a-478c-87a9-d13521d2bbf6,cc12dd97-95e7-4f30-8f88-0fa1eb614093
8c9e37ec-5cf8-4062-814a-be3179bb89bb,2,ae7ab130-009e-4911-9748-900fe898334d,913e4b53-e34b-4fb5-ac4e-8fea4b73be6f
8c9e37ec-5cf8-4062-814a-be3179bb89bb,2,a4f8d3a1-ea2a-415e-a4cd-12504916ca86,8bf6a3ec-cd49-4ebc-8170-0c9b07c034a3
8c9e37ec-5cf8-4062-814a-be3179bb89bb,2,684d5801-ac0e-4fea-b8eb-5dfd8d8730a5,8bf6a3ec-cd49-4ebc-8170-0c9b07c034a3
041fb979-4cbd-4309-a93f-a65f6a28b710,2,6abb1572-6038-4c74-b98b-39a6c471a183,913e4b53-e34b-4fb5-ac4e-8fea4b73be6f
041fb979-4cbd-4309-a93f-a65f6a28b710,2,b927a379-2293-44ad-a71a-b5e6dd804c34,913e4b53-e34b-4fb5-ac4e-8fea4b73be6f
041fb979-4cbd-4309-a93f-a65f6a28b710,2,f7aae502-3378-4f0b-a636-904269ac5b2f,913e4b53-e34b-4fb5-ac4e-8fea4b73be6f
041fb979-4cbd-4309-a93f-a65f6a28b710,2,33f6400b-c79b-48c3-a71d-901c75fdca42,913e4b53-e34b-4fb5-ac4e-8fea4b73be6f
041fb979-4cbd-4309-a93f-a65f6a28b710,2,318aa8a3-3c89-43f5-88e0-fce0cbd466f4,913e4b53-e34b-4fb5-ac4e-8fea4b73be6f
1b2bd318-dc5a-4991-9caf-70ea8aac3d9a,2,b927a379-2293-44ad-a71a-b5e6dd804c34,913e4b53-e34b-4fb5-ac4e-8fea4b73be6f
1b2bd318-dc5a-4991-9caf-70ea8aac3d9a,2,6abb1572-6038-4c74-b98b-39a6c471a183,913e4b53-e34b-4fb5-ac4e-8fea4b73be6f
1b2bd318-dc5a-4991-9caf-70ea8aac3d9a,2,f7aae502-3378-4f0b-a636-904269ac5b2f,cc12dd97-95e7-4f30-8f88-0fa1eb614093
1b2bd318-dc5a-4991-9caf-70ea8aac3d9a,2,33f6400b-c79b-48c3-a71d-901c75fdca42,913e4b53-e34b-4fb5-ac4e-8fea4b73be6f
1b2bd318-dc5a-4991-9caf-70ea8aac3d9a,2,318aa8a3-3c89-43f5-88e0-fce0cbd466f4,913e4b53-e34b-4fb5-ac4e-8fea4b73be6f
50a99c19-5d59-4354-9d54-f0f217bb4d9f,2,6abb1572-6038-4c74-b98b-39a6c471a183,913e4b53-e34b-4fb5-ac4e-8fea4b73be6f
50a99c19-5d59-4354-9d54-f0f217bb4d9f,2,b927a379-2293-44ad-a71a-b5e6dd804c34,913e4b53-e34b-4fb5-ac4e-8fea4b73be6f
50a99c19-5d59-4354-9d54-f0f217bb4d9f,2,f7aae502-3378-4f0b-a636-904269ac5b2f,cc12dd97-95e7-4f30-8f88-0fa1eb614093
50a99c19-5d59-4354-9d54-f0f217bb4d9f,2,33f6400b-c79b-48c3-a71d-901c75fdca42,913e4b53-e34b-4fb5-ac4e-8fea4b73be6f
50a99c19-5d59-4354-9d54-f0f217bb4d9f,2,318aa8a3-3c89-43f5-88e0-fce0cbd466f4,913e4b53-e34b-4fb5-ac4e-8fea4b73be6f
fa974edf-1e2e-422a-88de-4feb80198407,2,b927a379-2293-44ad-a71a-b5e6dd804c34,913e4b53-e34b-4fb5-ac4e-8fea4b73be6f
fa974edf-1e2e-422a-88de-4feb80198407,2,6abb1572-6038-4c74-b98b-39a6c471a183,913e4b53-e34b-4fb5-ac4e-8fea4b73be6f
fa974edf-1e2e-422a-88de-4feb80198407,2,f7aae502-3378-4f0b-a636-904269ac5b2f,cc12dd97-95e7-4f30-8f88-0fa1eb614093
fa974edf-1e2e-422a-88de-4feb80198407,2,33f6400b-c79b-48c3-a71d-901c75fdca42,913e4b53-e34b-4fb5-ac4e-8fea4b73be6f
fa974edf-1e2e-422a-88de-4feb80198407,2,318aa8a3-3c89-43f5-88e0-fce0cbd466f4,913e4b53-e34b-4fb5-ac4e-8fea4b73be6f
9b66ea63-b751-497b-8b6a-fc96a1550ea3,2,6abb1572-6038-4c74-b98b-39a6c471a183,913e4b53-e34b-4fb5-ac4e-8fea4b73be6f
9b66ea63-b751-497b-8b6a-fc96a1550ea3,2,b927a379-2293-44ad-a71a-b5e6dd804c34,913e4b53-e34b-4fb5-ac4e-8fea4b73be6f
9b66ea63-b751-497b-8b6a-fc96a1550ea3,2,f7aae502-3378-4f0b-a636-904269ac5b2f,cc12dd97-95e7-4f30-8f88-0fa1eb614093
9b66ea63-b751-497b-8b6a-fc96a1550ea3,2,33f6400b-c79b-48c3-a71d-901c75fdca42,913e4b53-e34b-4fb5-ac4e-8fea4b73be6f
9b66ea63-b751-497b-8b6a-fc96a1550ea3,2,318aa8a3-3c89-43f5-88e0-fce0cbd466f4,913e4b53-e34b-4fb5-ac4e-8fea4b73be6f
3518659e-0917-4c82-8810-dc88a4ec5472,2,6abb1572-6038-4c74-b98b-39a6c471a183,913e4b53-e34b-4fb5-ac4e-8fea4b73be6f
3518659e-0917-4c82-8810-dc88a4ec5472,2,b927a379-2293-44ad-a71a-b5e6dd804c34,913e4b53-e34b-4fb5-ac4e-8fea4b73be6f
3518659e-0917-4c82-8810-dc88a4ec5472,2,f7aae502-3378-4f0b-a636-904269ac5b2f,913e4b53-e34b-4fb5-ac4e-8fea4b73be6f
3518659e-0917-4c82-8810-dc88a4ec5472,2,33f6400b-c79b-48c3-a71d-901c75fdca42,913e4b53-e34b-4fb5-ac4e-8fea4b73be6f
3518659e-0917-4c82-8810-dc88a4ec5472,2,318aa8a3-3c89-43f5-88e0-fce0cbd466f4,913e4b53-e34b-4fb5-ac4e-8fea4b73be6f
3518659e-0917-4c82-8810-dc88a4ec5472,2,f499258a-d33d-4278-beb5-f0ff44ccc905,913e4b53-e34b-4fb5-ac4e-8fea4b73be6f
3518659e-0917-4c82-8810-dc88a4ec5472,2,77c2d288-2b65-42e5-a489-baab0cbd189f,464ffa36-4e42-4eaa-a357-3d5ecf3d1256
13dd3f61-0944-478b-b448-aee7cf0127a6,2,6abb1572-6038-4c74-b98b-39a6c471a183,913e4b53-e34b-4fb5-ac4e-8fea4b73be6f
13dd3f61-0944-478b-b448-aee7cf0127a6,2,b927a379-2293-44ad-a71a-b5e6dd804c34,913e4b53-e34b-4fb5-ac4e-8fea4b73be6f
13dd3f61-0944-478b-b448-aee7cf0127a6,2,f7aae502-3378-4f0b-a636-904269ac5b2f,cc12dd97-95e7-4f30-8f88-0fa1eb614093
13dd3f61-0944-478b-b448-aee7cf0127a6,2,33f6400b-c79b-48c3-a71d-901c75fdca42,913e4b53-e34b-4fb5-ac4e-8fea4b73be6f
13dd3f61-0944-478b-b448-aee7cf0127a6,2,318aa8a3-3c89-43f5-88e0-fce0cbd466f4,913e4b53-e34b-4fb5-ac4e-8fea4b73be6f
8b319f77-d4f1-4e85-a22b-1d22b6aa074d,2,b927a379-2293-44ad-a71a-b5e6dd804c34,913e4b53-e34b-4fb5-ac4e-8fea4b73be6f
8b319f77-d4f1-4e85-a22b-1d22b6aa074d,2,6abb1572-6038-4c74-b98b-39a6c471a183,913e4b53-e34b-4fb5-ac4e-8fea4b73be6f
8b319f77-d4f1-4e85-a22b-1d22b6aa074d,2,f7aae502-3378-4f0b-a636-904269ac5b2f,cc12dd97-95e7-4f30-8f88-0fa1eb614093
8b319f77-d4f1-4e85-a22b-1d22b6aa074d,2,33f6400b-c79b-48c3-a71d-901c75fdca42,913e4b53-e34b-4fb5-ac4e-8fea4b73be6f
8b319f77-d4f1-4e85-a22b-1d22b6aa074d,2,318aa8a3-3c89-43f5-88e0-fce0cbd466f4,913e4b53-e34b-4fb5-ac4e-8fea4b73be6f
cd7dd6c6-db3a-4697-ad44-9e0d6d718778,2,b927a379-2293-44ad-a71a-b5e6dd804c34,913e4b53-e34b-4fb5-ac4e-8fea4b73be6f
cd7dd6c6-db3a-4697-ad44-9e0d6d718778,2,6abb1572-6038-4c74-b98b-39a6c471a183,913e4b53-e34b-4fb5-ac4e-8fea4b73be6f
cd7dd6c6-db3a-4697-ad44-9e0d6d718778,2,f7aae502-3378-4f0b-a636-904269ac5b2f,cc12dd97-95e7-4f30-8f88-0fa1eb614093
cd7dd6c6-db3a-4697-ad44-9e0d6d718778,2,33f6400b-c79b-48c3-a71d-901c75fdca42,913e4b53-e34b-4fb5-ac4e-8fea4b73be6f
cd7dd6c6-db3a-4697-ad44-9e0d6d718778,2,318aa8a3-3c89-43f5-88e0-fce0cbd466f4,913e4b53-e34b-4fb5-ac4e-8fea4b73be6f
252066a8-e74d-4e36-ad5d-0bf67dbf15f0,2,6abb1572-6038-4c74-b98b-39a6c471a183,913e4b53-e34b-4fb5-ac4e-8fea4b73be6f
252066a8-e74d-4e36-ad5d-0bf67dbf15f0,2,b927a379-2293-44ad-a71a-b5e6dd804c34,913e4b53-e34b-4fb5-ac4e-8fea4b73be6f
252066a8-e74d-4e36-ad5d-0bf67dbf15f0,2,f7aae502-3378-4f0b-a636-904269ac5b2f,cc12dd97-95e7-4f30-8f88-0fa1eb614093
252066a8-e74d-4e36-ad5d-0bf67dbf15f0,2,33f6400b-c79b-48c3-a71d-901c75fdca42,913e4b53-e34b-4fb5-ac4e-8fea4b73be6f
252066a8-e74d-4e36-ad5d-0bf67dbf15f0,2,318aa8a3-3c89-43f5-88e0-fce0cbd466f4,913e4b53-e34b-4fb5-ac4e-8fea4b73be6f
d4cc7d17-c2a5-4725-82a8-3c1af6c2358c,2,6abb1572-6038-4c74-b98b-39a6c471a183,913e4b53-e34b-4fb5-ac4e-8fea4b73be6f
d4cc7d17-c2a5-4725-82a8-3c1af6c2358c,2,b927a379-2293-44ad-a71a-b5e6dd804c34,913e4b53-e34b-4fb5-ac4e-8fea4b73be6f
d4cc7d17-c2a5-4725-82a8-3c1af6c2358c,2,f7aae502-3378-4f0b-a636-904269ac5b2f,cc12dd97-95e7-4f30-8f88-0fa1eb614093
d4cc7d17-c2a5-4725-82a8-3c1af6c2358c,2,33f6400b-c79b-48c3-a71d-901c75fdca42,913e4b53-e34b-4fb5-ac4e-8fea4b73be6f
d4cc7d17-c2a5-4725-82a8-3c1af6c2358c,2,318aa8a3-3c89-43f5-88e0-fce0cbd466f4,913e4b53-e34b-4fb5-ac4e-8fea4b73be6f
5a2b34fd-08bc-4c65-8468-30ccfea44d21,2,6abb1572-6038-4c74-b98b-39a6c471a183,913e4b53-e34b-4fb5-ac4e-8fea4b73be6f
5a2b34fd-08bc-4c65-8468-30ccfea44d21,2,b927a379-2293-44ad-a71a-b5e6dd804c34,913e4b53-e34b-4fb5-ac4e-8fea4b73be6f
5a2b34fd-08bc-4c65-8468-30ccfea44d21,2,f7aae502-3378-4f0b-a636-904269ac5b2f,cc12dd97-95e7-4f30-8f88-0fa1eb614093
5a2b34fd-08bc-4c65-8468-30ccfea44d21,2,33f6400b-c79b-48c3-a71d-901c75fdca42,913e4b53-e34b-4fb5-ac4e-8fea4b73be6f
5a2b34fd-08bc-4c65-8468-30ccfea44d21,2,318aa8a3-3c89-43f5-88e0-fce0cbd466f4,913e4b53-e34b-4fb5-ac4e-8fea4b73be6f
f04ae83a-ac80-4764-ab3b-26f81c3318ed,2,6abb1572-6038-4c74-b98b-39a6c471a183,913e4b53-e34b-4fb5-ac4e-8fea4b73be6f
f04ae83a-ac80-4764-ab3b-26f81c3318ed,2,b927a379-2293-44ad-a71a-b5e6dd804c34,913e4b53-e34b-4fb5-ac4e-8fea4b73be6f
f04ae83a-ac80-4764-ab3b-26f81c3318ed,2,f7aae502-3378-4f0b-a636-904269ac5b2f,cc12dd97-95e7-4f30-8f88-0fa1eb614093
f04ae83a-ac80-4764-ab3b-26f81c3318ed,2,33f6400b-c79b-48c3-a71d-901c75fdca42,913e4b53-e34b-4fb5-ac4e-8fea4b73be6f
f04ae83a-ac80-4764-ab3b-26f81c3318ed,2,318aa8a3-3c89-43f5-88e0-fce0cbd466f4,913e4b53-e34b-4fb5-ac4e-8fea4b73be6f
05c328f0-6caa-48d2-88a8-eac62a55bc72,2,b927a379-2293-44ad-a71a-b5e6dd804c34,913e4b53-e34b-4fb5-ac4e-8fea4b73be6f
05c328f0-6caa-48d2-88a8-eac62a55bc72,2,6abb1572-6038-4c74-b98b-39a6c471a183,913e4b53-e34b-4fb5-ac4e-8fea4b73be6f
05c328f0-6caa-48d2-88a8-eac62a55bc72,2,f7aae502-3378-4f0b-a636-904269ac5b2f,cc12dd97-95e7-4f30-8f88-0fa1eb614093
05c328f0-6caa-48d2-88a8-eac62a55bc72,2,33f6400b-c79b-48c3-a71d-901c75fdca42,913e4b53-e34b-4fb5-ac4e-8fea4b73be6f
05c328f0-6caa-48d2-88a8-eac62a55bc72,2,318aa8a3-3c89-43f5-88e0-fce0cbd466f4,913e4b53-e34b-4fb5-ac4e-8fea4b73be6f
ee4a15a0-d4fb-44ea-87b3-c8f84dbc6748,2,b927a379-2293-44ad-a71a-b5e6dd804c34,913e4b53-e34b-4fb5-ac4e-8fea4b73be6f
ee4a15a0-d4fb-44ea-87b3-c8f84dbc6748,2,6abb1572-6038-4c74-b98b-39a6c471a183,913e4b53-e34b-4fb5-ac4e-8fea4b73be6f
ee4a15a0-d4fb-44ea-87b3-c8f84dbc6748,2,f7aae502-3378-4f0b-a636-904269ac5b2f,cc12dd97-95e7-4f30-8f88-0fa1eb614093
ee4a15a0-d4fb-44ea-87b3-c8f84dbc6748,2,33f6400b-c79b-48c3-a71d-901c75fdca42,913e4b53-e34b-4fb5-ac4e-8fea4b73be6f
ee4a15a0-d4fb-44ea-87b3-c8f84dbc6748,2,318aa8a3-3c89-43f5-88e0-fce0cbd466f4,913e4b53-e34b-4fb5-ac4e-8fea4b73be6f
7bb49c93-e8e5-4594-9d7d-0af9ac720e8b,1,6abb1572-6038-4c74-b98b-39a6c471a183,913e4b53-e34b-4fb5-ac4e-8fea4b73be6f
7bb49c93-e8e5-4594-9d7d-0af9ac720e8b,1,b927a379-2293-44ad-a71a-b5e6dd804c34,913e4b53-e34b-4fb5-ac4e-8fea4b73be6f
7bb49c93-e8e5-4594-9d7d-0af9ac720e8b,1,f7aae502-3378-4f0b-a636-904269ac5b2f,9e53b96e-58c3-42d0-bd41-4770c9355910
7bb49c93-e8e5-4594-9d7d-0af9ac720e8b,1,318aa8a3-3c89-43f5-88e0-fce0cbd466f4,913e4b53-e34b-4fb5-ac4e-8fea4b73be6f
7bb49c93-e8e5-4594-9d7d-0af9ac720e8b,1,ae7ab130-009e-4911-9748-900fe898334d,913e4b53-e34b-4fb5-ac4e-8fea4b73be6f
7bb49c93-e8e5-4594-9d7d-0af9ac720e8b,1,535232f3-b8b9-4186-a2d8-ee9bd30af012,d62b4fa3-381b-4953-948d-143f3d8ea9e7
7bb49c93-e8e5-4594-9d7d-0af9ac720e8b,1,d591d318-cc2a-478c-87a9-d13521d2bbf6,cc12dd97-95e7-4f30-8f88-0fa1eb614093
7bb49c93-e8e5-4594-9d7d-0af9ac720e8b,1,69d15250-4737-4e4a-8d16-d50057fd56e0,216a3e29-d34d-4ea8-8549-dd6b5e9b30be
7bb49c93-e8e5-4594-9d7d-0af9ac720e8b,1,d377fd00-fae7-4fe1-9b4c-e80e396a57db,6249ca85-13ef-44d7-8d45-6708f927fcef
7bb49c93-e8e5-4594-9d7d-0af9ac720e8b,1,dbf04494-8341-4d26-ab32-f4784feced21,30e7f88f-363a-47a1-96d8-2de735550f7a
7bb49c93-e8e5-4594-9d7d-0af9ac720e8b,1,77c2d288-2b65-42e5-a489-baab0cbd189f,464ffa36-4e42-4eaa-a357-3d5ecf3d1256
7bb49c93-e8e5-4594-9d7d-0af9ac720e8b,1,e02d1851-77be-496b-bf3e-1d33be793e9c,73cb25d5-51c0-45c6-b512-0093b9a689e7
7bb49c93-e8e5-4594-9d7d-0af9ac720e8b,1,dddf847f-4967-4df2-8b61-76b02d29db23,913e4b53-e34b-4fb5-ac4e-8fea4b73be6f
7bb49c93-e8e5-4594-9d7d-0af9ac720e8b,1,a4f8d3a1-ea2a-415e-a4cd-12504916ca86,8bf6a3ec-cd49-4ebc-8170-0c9b07c034a3
5971997b-58e5-44fa-8943-022c595bcee0,2,6abb1572-6038-4c74-b98b-39a6c471a183,913e4b53-e34b-4fb5-ac4e-8fea4b73be6f
5971997b-58e5-44fa-8943-022c595bcee0,2,b927a379-2293-44ad-a71a-b5e6dd804c34,913e4b53-e34b-4fb5-ac4e-8fea4b73be6f
5971997b-58e5-44fa-8943-022c595bcee0,2,f7aae502-3378-4f0b-a636-904269ac5b2f,cc12dd97-95e7-4f30-8f88-0fa1eb614093
5971997b-58e5-44fa-8943-022c595bcee0,2,33f6400b-c79b-48c3-a71d-901c75fdca42,913e4b53-e34b-4fb5-ac4e-8fea4b73be6f
5971997b-58e5-44fa-8943-022c595bcee0,2,318aa8a3-3c89-43f5-88e0-fce0cbd466f4,913e4b53-e34b-4fb5-ac4e-8fea4b73be6f
09d55ed4-bca8-42e8-b8e5-df4340210e12,2,b927a379-2293-44ad-a71a-b5e6dd804c34,913e4b53-e34b-4fb5-ac4e-8fea4b73be6f
09d55ed4-bca8-42e8-b8e5-df4340210e12,2,6abb1572-6038-4c74-b98b-39a6c471a183,913e4b53-e34b-4fb5-ac4e-8fea4b73be6f
09d55ed4-bca8-42e8-b8e5-df4340210e12,2,f7aae502-3378-4f0b-a636-904269ac5b2f,cc12dd97-95e7-4f30-8f88-0fa1eb614093
09d55ed4-bca8-42e8-b8e5-df4340210e12,2,33f6400b-c79b-48c3-a71d-901c75fdca42,913e4b53-e34b-4fb5-ac4e-8fea4b73be6f
09d55ed4-bca8-42e8-b8e5-df4340210e12,2,318aa8a3-3c89-43f5-88e0-fce0cbd466f4,913e4b53-e34b-4fb5-ac4e-8fea4b73be6f
32b4f388-8f06-470d-a344-5b04f17ddfae,2,b927a379-2293-44ad-a71a-b5e6dd804c34,913e4b53-e34b-4fb5-ac4e-8fea4b73be6f
32b4f388-8f06-470d-a344-5b04f17ddfae,2,6abb1572-6038-4c74-b98b-39a6c471a183,913e4b53-e34b-4fb5-ac4e-8fea4b73be6f
32b4f388-8f06-470d-a344-5b04f17ddfae,2,f7aae502-3378-4f0b-a636-904269ac5b2f,cc12dd97-95e7-4f30-8f88-0fa1eb614093
32b4f388-8f06-470d-a344-5b04f17ddfae,2,33f6400b-c79b-48c3-a71d-901c75fdca42,913e4b53-e34b-4fb5-ac4e-8fea4b73be6f
32b4f388-8f06-470d-a344-5b04f17ddfae,2,318aa8a3-3c89-43f5-88e0-fce0cbd466f4,913e4b53-e34b-4fb5-ac4e-8fea4b73be6f
b8b1c9a7-0c84-4ce7-9eee-0ef6cbf3e8b3,1,b927a379-2293-44ad-a71a-b5e6dd804c34,913e4b53-e34b-4fb5-ac4e-8fea4b73be6f
b8b1c9a7-0c84-4ce7-9eee-0ef6cbf3e8b3,1,33f6400b-c79b-48c3-a71d-901c75fdca42,9e53b96e-58c3-42d0-bd41-4770c9355910
b8b1c9a7-0c84-4ce7-9eee-0ef6cbf3e8b3,1,6abb1572-6038-4c74-b98b-39a6c471a183,913e4b53-e34b-4fb5-ac4e-8fea4b73be6f
b8b1c9a7-0c84-4ce7-9eee-0ef6cbf3e8b3,1,318aa8a3-3c89-43f5-88e0-fce0cbd466f4,913e4b53-e34b-4fb5-ac4e-8fea4b73be6f
b8b1c9a7-0c84-4ce7-9eee-0ef6cbf3e8b3,1,2777510c-672b-4ca7-92dd-196e2514c1fd,913e4b53-e34b-4fb5-ac4e-8fea4b73be6f
b8b1c9a7-0c84-4ce7-9eee-0ef6cbf3e8b3,1,dddf847f-4967-4df2-8b61-76b02d29db23,913e4b53-e34b-4fb5-ac4e-8fea4b73be6f
b8b1c9a7-0c84-4ce7-9eee-0ef6cbf3e8b3,1,e02d1851-77be-496b-bf3e-1d33be793e9c,73cb25d5-51c0-45c6-b512-0093b9a689e7
b8b1c9a7-0c84-4ce7-9eee-0ef6cbf3e8b3,1,d591d318-cc2a-478c-87a9-d13521d2bbf6,cc12dd97-95e7-4f30-8f88-0fa1eb614093
b8b1c9a7-0c84-4ce7-9eee-0ef6cbf3e8b3,1,77c2d288-2b65-42e5-a489-baab0cbd189f,464ffa36-4e42-4eaa-a357-3d5ecf3d1256
b8b1c9a7-0c84-4ce7-9eee-0ef6cbf3e8b3,1,51ec126a-abcb-4a7b-a08b-1e7fa624fe73,ff7e0b47-e6ae-43e2-a6f1-4e6fdbaf4497
b8b1c9a7-0c84-4ce7-9eee-0ef6cbf3e8b3,1,f499258a-d33d-4278-beb5-f0ff44ccc905,913e4b53-e34b-4fb5-ac4e-8fea4b73be6f
b8b1c9a7-0c84-4ce7-9eee-0ef6cbf3e8b3,1,ae7ab130-009e-4911-9748-900fe898334d,ff7e0b47-e6ae-43e2-a6f1-4e6fdbaf4497
b8b1c9a7-0c84-4ce7-9eee-0ef6cbf3e8b3,1,684d5801-ac0e-4fea-b8eb-5dfd8d8730a5,8bf6a3ec-cd49-4ebc-8170-0c9b07c034a3
b8b1c9a7-0c84-4ce7-9eee-0ef6cbf3e8b3,1,535232f3-b8b9-4186-a2d8-ee9bd30af012,d62b4fa3-381b-4953-948d-143f3d8ea9e7
b8b1c9a7-0c84-4ce7-9eee-0ef6cbf3e8b3,1,69d15250-4737-4e4a-8d16-d50057fd56e0,216a3e29-d34d-4ea8-8549-dd6b5e9b30be
b8b1c9a7-0c84-4ce7-9eee-0ef6cbf3e8b3,1,dbf04494-8341-4d26-ab32-f4784feced21,30e7f88f-363a-47a1-96d8-2de735550f7a
b8b1c9a7-0c84-4ce7-9eee-0ef6cbf3e8b3,1,d377fd00-fae7-4fe1-9b4c-e80e396a57db,6249ca85-13ef-44d7-8d45-6708f927fcef
59e697b3-a47a-46a3-90a8-cec44fe44510,2,f7aae502-3378-4f0b-a636-904269ac5b2f,913e4b53-e34b-4fb5-ac4e-8fea4b73be6f
59e697b3-a47a-46a3-90a8-cec44fe44510,2,b927a379-2293-44ad-a71a-b5e6dd804c34,913e4b53-e34b-4fb5-ac4e-8fea4b73be6f
59e697b3-a47a-46a3-90a8-cec44fe44510,2,6abb1572-6038-4c74-b98b-39a6c471a183,913e4b53-e34b-4fb5-ac4e-8fea4b73be6f
59e697b3-a47a-46a3-90a8-cec44fe44510,2,33f6400b-c79b-48c3-a71d-901c75fdca42,913e4b53-e34b-4fb5-ac4e-8fea4b73be6f
59e697b3-a47a-46a3-90a8-cec44fe44510,2,2777510c-672b-4ca7-92dd-196e2514c1fd,913e4b53-e34b-4fb5-ac4e-8fea4b73be6f
59e697b3-a47a-46a3-90a8-cec44fe44510,2,318aa8a3-3c89-43f5-88e0-fce0cbd466f4,913e4b53-e34b-4fb5-ac4e-8fea4b73be6f
0506a485-7673-44d3-8dc8-61943403a38b,2,33f6400b-c79b-48c3-a71d-901c75fdca42,913e4b53-e34b-4fb5-ac4e-8fea4b73be6f
0506a485-7673-44d3-8dc8-61943403a38b,2,2777510c-672b-4ca7-92dd-196e2514c1fd,913e4b53-e34b-4fb5-ac4e-8fea4b73be6f
0506a485-7673-44d3-8dc8-61943403a38b,2,6abb1572-6038-4c74-b98b-39a6c471a183,913e4b53-e34b-4fb5-ac4e-8fea4b73be6f
0506a485-7673-44d3-8dc8-61943403a38b,2,b927a379-2293-44ad-a71a-b5e6dd804c34,913e4b53-e34b-4fb5-ac4e-8fea4b73be6f
0506a485-7673-44d3-8dc8-61943403a38b,2,f7aae502-3378-4f0b-a636-904269ac5b2f,913e4b53-e34b-4fb5-ac4e-8fea4b73be6f
0506a485-7673-44d3-8dc8-61943403a38b,2,318aa8a3-3c89-43f5-88e0-fce0cbd466f4,913e4b53-e34b-4fb5-ac4e-8fea4b73be6f
d3670c27-b33d-49ff-ad42-0a86bd192a31,2,6abb1572-6038-4c74-b98b-39a6c471a183,913e4b53-e34b-4fb5-ac4e-8fea4b73be6f
d3670c27-b33d-49ff-ad42-0a86bd192a31,2,f7aae502-3378-4f0b-a636-904269ac5b2f,913e4b53-e34b-4fb5-ac4e-8fea4b73be6f
d3670c27-b33d-49ff-ad42-0a86bd192a31,2,33f6400b-c79b-48c3-a71d-901c75fdca42,913e4b53-e34b-4fb5-ac4e-8fea4b73be6f
d3670c27-b33d-49ff-ad42-0a86bd192a31,2,318aa8a3-3c89-43f5-88e0-fce0cbd466f4,913e4b53-e34b-4fb5-ac4e-8fea4b73be6f
d3670c27-b33d-49ff-ad42-0a86bd192a31,2,2777510c-672b-4ca7-92dd-196e2514c1fd,913e4b53-e34b-4fb5-ac4e-8fea4b73be6f
d3670c27-b33d-49ff-ad42-0a86bd192a31,2,b927a379-2293-44ad-a71a-b5e6dd804c34,913e4b53-e34b-4fb5-ac4e-8fea4b73be6f
53d11826-9ba0-401a-93d6-a867ce00db85,1,f7aae502-3378-4f0b-a636-904269ac5b2f,9e53b96e-58c3-42d0-bd41-4770c9355910
53d11826-9ba0-401a-93d6-a867ce00db85,1,b927a379-2293-44ad-a71a-b5e6dd804c34,913e4b53-e34b-4fb5-ac4e-8fea4b73be6f
53d11826-9ba0-401a-93d6-a867ce00db85,1,6abb1572-6038-4c74-b98b-39a6c471a183,913e4b53-e34b-4fb5-ac4e-8fea4b73be6f
53d11826-9ba0-401a-93d6-a867ce00db85,1,318aa8a3-3c89-43f5-88e0-fce0cbd466f4,913e4b53-e34b-4fb5-ac4e-8fea4b73be6f
53d11826-9ba0-401a-93d6-a867ce00db85,1,2777510c-672b-4ca7-92dd-196e2514c1fd,913e4b53-e34b-4fb5-ac4e-8fea4b73be6f
53d11826-9ba0-401a-93d6-a867ce00db85,1,a4cd67b5-39f8-444d-8464-856bdc1c13e5,464ffa36-4e42-4eaa-a357-3d5ecf3d1256
53d11826-9ba0-401a-93d6-a867ce00db85,1,e02d1851-77be-496b-bf3e-1d33be793e9c,73cb25d5-51c0-45c6-b512-0093b9a689e7
53d11826-9ba0-401a-93d6-a867ce00db85,1,77c2d288-2b65-42e5-a489-baab0cbd189f,464ffa36-4e42-4eaa-a357-3d5ecf3d1256
53d11826-9ba0-401a-93d6-a867ce00db85,1,51ec126a-abcb-4a7b-a08b-1e7fa624fe73,ff7e0b47-e6ae-43e2-a6f1-4e6fdbaf4497
53d11826-9ba0-401a-93d6-a867ce00db85,1,dddf847f-4967-4df2-8b61-76b02d29db23,913e4b53-e34b-4fb5-ac4e-8fea4b73be6f
53d11826-9ba0-401a-93d6-a867ce00db85,1,d591d318-cc2a-478c-87a9-d13521d2bbf6,cc12dd97-95e7-4f30-8f88-0fa1eb614093
53d11826-9ba0-401a-93d6-a867ce00db85,1,f499258a-d33d-4278-beb5-f0ff44ccc905,913e4b53-e34b-4fb5-ac4e-8fea4b73be6f
53d11826-9ba0-401a-93d6-a867ce00db85,1,a4f8d3a1-ea2a-415e-a4cd-12504916ca86,8bf6a3ec-cd49-4ebc-8170-0c9b07c034a3
53d11826-9ba0-401a-93d6-a867ce00db85,1,ae7ab130-009e-4911-9748-900fe898334d,ff7e0b47-e6ae-43e2-a6f1-4e6fdbaf4497
53d11826-9ba0-401a-93d6-a867ce00db85,1,535232f3-b8b9-4186-a2d8-ee9bd30af012,d62b4fa3-381b-4953-948d-143f3d8ea9e7
53d11826-9ba0-401a-93d6-a867ce00db85,1,69d15250-4737-4e4a-8d16-d50057fd56e0,216a3e29-d34d-4ea8-8549-dd6b5e9b30be
53d11826-9ba0-401a-93d6-a867ce00db85,1,dbf04494-8341-4d26-ab32-f4784feced21,30e7f88f-363a-47a1-96d8-2de735550f7a
53d11826-9ba0-401a-93d6-a867ce00db85,1,d377fd00-fae7-4fe1-9b4c-e80e396a57db,6249ca85-13ef-44d7-8d45-6708f927fcef
3c23c00e-55ca-4192-9802-6e8e5876d8dd,2,6abb1572-6038-4c74-b98b-39a6c471a183,913e4b53-e34b-4fb5-ac4e-8fea4b73be6f
3c23c00e-55ca-4192-9802-6e8e5876d8dd,2,33f6400b-c79b-48c3-a71d-901c75fdca42,913e4b53-e34b-4fb5-ac4e-8fea4b73be6f
3c23c00e-55ca-4192-9802-6e8e5876d8dd,2,b927a379-2293-44ad-a71a-b5e6dd804c34,913e4b53-e34b-4fb5-ac4e-8fea4b73be6f
3c23c00e-55ca-4192-9802-6e8e5876d8dd,2,f7aae502-3378-4f0b-a636-904269ac5b2f,913e4b53-e34b-4fb5-ac4e-8fea4b73be6f
3c23c00e-55ca-4192-9802-6e8e5876d8dd,2,2777510c-672b-4ca7-92dd-196e2514c1fd,913e4b53-e34b-4fb5-ac4e-8fea4b73be6f
3c23c00e-55ca-4192-9802-6e8e5876d8dd,2,318aa8a3-3c89-43f5-88e0-fce0cbd466f4,913e4b53-e34b-4fb5-ac4e-8fea4b73be6f
3c23c00e-55ca-4192-9802-6e8e5876d8dd,2,51ec126a-abcb-4a7b-a08b-1e7fa624fe73,ff7e0b47-e6ae-43e2-a6f1-4e6fdbaf4497
3c23c00e-55ca-4192-9802-6e8e5876d8dd,2,dddf847f-4967-4df2-8b61-76b02d29db23,913e4b53-e34b-4fb5-ac4e-8fea4b73be6f
3c23c00e-55ca-4192-9802-6e8e5876d8dd,2,e02d1851-77be-496b-bf3e-1d33be793e9c,73cb25d5-51c0-45c6-b512-0093b9a689e7
3c23c00e-55ca-4192-9802-6e8e5876d8dd,2,d591d318-cc2a-478c-87a9-d13521d2bbf6,913e4b53-e34b-4fb5-ac4e-8fea4b73be6f
c6a2611c-c935-4314-8036-4433605c2ba0,1,318aa8a3-3c89-43f5-88e0-fce0cbd466f4,913e4b53-e34b-4fb5-ac4e-8fea4b73be6f
c6a2611c-c935-4314-8036-4433605c2ba0,1,2777510c-672b-4ca7-92dd-196e2514c1fd,913e4b53-e34b-4fb5-ac4e-8fea4b73be6f
c6a2611c-c935-4314-8036-4433605c2ba0,1,b927a379-2293-44ad-a71a-b5e6dd804c34,913e4b53-e34b-4fb5-ac4e-8fea4b73be6f
c6a2611c-c935-4314-8036-4433605c2ba0,1,77c2d288-2b65-42e5-a489-baab0cbd189f,464ffa36-4e42-4eaa-a357-3d5ecf3d1256
c6a2611c-c935-4314-8036-4433605c2ba0,1,a4cd67b5-39f8-444d-8464-856bdc1c13e5,464ffa36-4e42-4eaa-a357-3d5ecf3d1256
c6a2611c-c935-4314-8036-4433605c2ba0,1,f7aae502-3378-4f0b-a636-904269ac5b2f,9e53b96e-58c3-42d0-bd41-4770c9355910
c6a2611c-c935-4314-8036-4433605c2ba0,1,6abb1572-6038-4c74-b98b-39a6c471a183,913e4b53-e34b-4fb5-ac4e-8fea4b73be6f
c6a2611c-c935-4314-8036-4433605c2ba0,1,51ec126a-abcb-4a7b-a08b-1e7fa624fe73,ff7e0b47-e6ae-43e2-a6f1-4e6fdbaf4497
c6a2611c-c935-4314-8036-4433605c2ba0,1,dddf847f-4967-4df2-8b61-76b02d29db23,913e4b53-e34b-4fb5-ac4e-8fea4b73be6f
c6a2611c-c935-4314-8036-4433605c2ba0,1,e02d1851-77be-496b-bf3e-1d33be793e9c,73cb25d5-51c0-45c6-b512-0093b9a689e7
c6a2611c-c935-4314-8036-4433605c2ba0,1,d591d318-cc2a-478c-87a9-d13521d2bbf6,cc12dd97-95e7-4f30-8f88-0fa1eb614093
c6a2611c-c935-4314-8036-4433605c2ba0,1,f499258a-d33d-4278-beb5-f0ff44ccc905,913e4b53-e34b-4fb5-ac4e-8fea4b73be6f
c6a2611c-c935-4314-8036-4433605c2ba0,1,ae7ab130-009e-4911-9748-900fe898334d,ff7e0b47-e6ae-43e2-a6f1-4e6fdbaf4497
c6a2611c-c935-4314-8036-4433605c2ba0,1,535232f3-b8b9-4186-a2d8-ee9bd30af012,d62b4fa3-381b-4953-948d-143f3d8ea9e7
c6a2611c-c935-4314-8036-4433605c2ba0,1,69d15250-4737-4e4a-8d16-d50057fd56e0,216a3e29-d34d-4ea8-8549-dd6b5e9b30be
c6a2611c-c935-4314-8036-4433605c2ba0,1,dbf04494-8341-4d26-ab32-f4784feced21,30e7f88f-363a-47a1-96d8-2de735550f7a
c6a2611c-c935-4314-8036-4433605c2ba0,1,d377fd00-fae7-4fe1-9b4c-e80e396a57db,6249ca85-13ef-44d7-8d45-6708f927fcef
df0b0629-50f1-4155-9415-637f9e78bdea,1,f7aae502-3378-4f0b-a636-904269ac5b2f,9e53b96e-58c3-42d0-bd41-4770c9355910
df0b0629-50f1-4155-9415-637f9e78bdea,1,b927a379-2293-44ad-a71a-b5e6dd804c34,913e4b53-e34b-4fb5-ac4e-8fea4b73be6f
df0b0629-50f1-4155-9415-637f9e78bdea,1,2777510c-672b-4ca7-92dd-196e2514c1fd,913e4b53-e34b-4fb5-ac4e-8fea4b73be6f
df0b0629-50f1-4155-9415-637f9e78bdea,1,318aa8a3-3c89-43f5-88e0-fce0cbd466f4,913e4b53-e34b-4fb5-ac4e-8fea4b73be6f
df0b0629-50f1-4155-9415-637f9e78bdea,1,33f6400b-c79b-48c3-a71d-901c75fdca42,9e53b96e-58c3-42d0-bd41-4770c9355910
df0b0629-50f1-4155-9415-637f9e78bdea,1,6abb1572-6038-4c74-b98b-39a6c471a183,913e4b53-e34b-4fb5-ac4e-8fea4b73be6f
df0b0629-50f1-4155-9415-637f9e78bdea,1,a4cd67b5-39f8-444d-8464-856bdc1c13e5,464ffa36-4e42-4eaa-a357-3d5ecf3d1256
df0b0629-50f1-4155-9415-637f9e78bdea,1,77c2d288-2b65-42e5-a489-baab0cbd189f,464ffa36-4e42-4eaa-a357-3d5ecf3d1256
df0b0629-50f1-4155-9415-637f9e78bdea,1,51ec126a-abcb-4a7b-a08b-1e7fa624fe73,ff7e0b47-e6ae-43e2-a6f1-4e6fdbaf4497
df0b0629-50f1-4155-9415-637f9e78bdea,1,dddf847f-4967-4df2-8b61-76b02d29db23,913e4b53-e34b-4fb5-ac4e-8fea4b73be6f
df0b0629-50f1-4155-9415-637f9e78bdea,1,e02d1851-77be-496b-bf3e-1d33be793e9c,73cb25d5-51c0-45c6-b512-0093b9a689e7
df0b0629-50f1-4155-9415-637f9e78bdea,1,d591d318-cc2a-478c-87a9-d13521d2bbf6,cc12dd97-95e7-4f30-8f88-0fa1eb614093
df0b0629-50f1-4155-9415-637f9e78bdea,1,f499258a-d33d-4278-beb5-f0ff44ccc905,913e4b53-e34b-4fb5-ac4e-8fea4b73be6f
df0b0629-50f1-4155-9415-637f9e78bdea,1,ae7ab130-009e-4911-9748-900fe898334d,ff7e0b47-e6ae-43e2-a6f1-4e6fdbaf4497
df0b0629-50f1-4155-9415-637f9e78bdea,1,535232f3-b8b9-4186-a2d8-ee9bd30af012,d62b4fa3-381b-4953-948d-143f3d8ea9e7
df0b0629-50f1-4155-9415-637f9e78bdea,1,69d15250-4737-4e4a-8d16-d50057fd56e0,216a3e29-d34d-4ea8-8549-dd6b5e9b30be
df0b0629-50f1-4155-9415-637f9e78bdea,1,dbf04494-8341-4d26-ab32-f4784feced21,30e7f88f-363a-47a1-96d8-2de735550f7a
df0b0629-50f1-4155-9415-637f9e78bdea,1,d377fd00-fae7-4fe1-9b4c-e80e396a57db,6249ca85-13ef-44d7-8d45-6708f927fcef
94bb0242-f355-4343-9e87-6d750324219b,2,2777510c-672b-4ca7-92dd-196e2514c1fd,913e4b53-e34b-4fb5-ac4e-8fea4b73be6f
94bb0242-f355-4343-9e87-6d750324219b,2,33f6400b-c79b-48c3-a71d-901c75fdca42,913e4b53-e34b-4fb5-ac4e-8fea4b73be6f
94bb0242-f355-4343-9e87-6d750324219b,2,6abb1572-6038-4c74-b98b-39a6c471a183,913e4b53-e34b-4fb5-ac4e-8fea4b73be6f
94bb0242-f355-4343-9e87-6d750324219b,2,318aa8a3-3c89-43f5-88e0-fce0cbd466f4,913e4b53-e34b-4fb5-ac4e-8fea4b73be6f
94bb0242-f355-4343-9e87-6d750324219b,2,b927a379-2293-44ad-a71a-b5e6dd804c34,913e4b53-e34b-4fb5-ac4e-8fea4b73be6f
94bb0242-f355-4343-9e87-6d750324219b,2,f7aae502-3378-4f0b-a636-904269ac5b2f,913e4b53-e34b-4fb5-ac4e-8fea4b73be6f
94bb0242-f355-4343-9e87-6d750324219b,2,77c2d288-2b65-42e5-a489-baab0cbd189f,464ffa36-4e42-4eaa-a357-3d5ecf3d1256
94bb0242-f355-4343-9e87-6d750324219b,2,a4cd67b5-39f8-444d-8464-856bdc1c13e5,464ffa36-4e42-4eaa-a357-3d5ecf3d1256
9fb052db-8363-4060-91e0-101ac9a8d8b6,1,318aa8a3-3c89-43f5-88e0-fce0cbd466f4,913e4b53-e34b-4fb5-ac4e-8fea4b73be6f
9fb052db-8363-4060-91e0-101ac9a8d8b6,1,b927a379-2293-44ad-a71a-b5e6dd804c34,913e4b53-e34b-4fb5-ac4e-8fea4b73be6f
9fb052db-8363-4060-91e0-101ac9a8d8b6,1,6abb1572-6038-4c74-b98b-39a6c471a183,913e4b53-e34b-4fb5-ac4e-8fea4b73be6f
9fb052db-8363-4060-91e0-101ac9a8d8b6,1,2777510c-672b-4ca7-92dd-196e2514c1fd,913e4b53-e34b-4fb5-ac4e-8fea4b73be6f
9fb052db-8363-4060-91e0-101ac9a8d8b6,1,a4cd67b5-39f8-444d-8464-856bdc1c13e5,464ffa36-4e42-4eaa-a357-3d5ecf3d1256
9fb052db-8363-4060-91e0-101ac9a8d8b6,1,dddf847f-4967-4df2-8b61-76b02d29db23,913e4b53-e34b-4fb5-ac4e-8fea4b73be6f
9fb052db-8363-4060-91e0-101ac9a8d8b6,1,d591d318-cc2a-478c-87a9-d13521d2bbf6,cc12dd97-95e7-4f30-8f88-0fa1eb614093
9fb052db-8363-4060-91e0-101ac9a8d8b6,1,f499258a-d33d-4278-beb5-f0ff44ccc905,913e4b53-e34b-4fb5-ac4e-8fea4b73be6f
01353045-e505-4e32-9c04-a19b404903e0,2,b927a379-2293-44ad-a71a-b5e6dd804c34,913e4b53-e34b-4fb5-ac4e-8fea4b73be6f
01353045-e505-4e32-9c04-a19b404903e0,2,6abb1572-6038-4c74-b98b-39a6c471a183,913e4b53-e34b-4fb5-ac4e-8fea4b73be6f
01353045-e505-4e32-9c04-a19b404903e0,2,318aa8a3-3c89-43f5-88e0-fce0cbd466f4,913e4b53-e34b-4fb5-ac4e-8fea4b73be6f
01353045-e505-4e32-9c04-a19b404903e0,2,2777510c-672b-4ca7-92dd-196e2514c1fd,913e4b53-e34b-4fb5-ac4e-8fea4b73be6f
01353045-e505-4e32-9c04-a19b404903e0,2,f7aae502-3378-4f0b-a636-904269ac5b2f,913e4b53-e34b-4fb5-ac4e-8fea4b73be6f
01353045-e505-4e32-9c04-a19b404903e0,2,77c2d288-2b65-42e5-a489-baab0cbd189f,464ffa36-4e42-4eaa-a357-3d5ecf3d1256
01353045-e505-4e32-9c04-a19b404903e0,2,a4cd67b5-39f8-444d-8464-856bdc1c13e5,464ffa36-4e42-4eaa-a357-3d5ecf3d1256
01353045-e505-4e32-9c04-a19b404903e0,2,33f6400b-c79b-48c3-a71d-901c75fdca42,913e4b53-e34b-4fb5-ac4e-8fea4b73be6f
01353045-e505-4e32-9c04-a19b404903e0,2,e02d1851-77be-496b-bf3e-1d33be793e9c,73cb25d5-51c0-45c6-b512-0093b9a689e7
6f4b3f2d-ef39-4901-8009-edc8e6798602,1,b927a379-2293-44ad-a71a-b5e6dd804c34,913e4b53-e34b-4fb5-ac4e-8fea4b73be6f
6f4b3f2d-ef39-4901-8009-edc8e6798602,1,f7aae502-3378-4f0b-a636-904269ac5b2f,9e53b96e-58c3-42d0-bd41-4770c9355910
6f4b3f2d-ef39-4901-8009-edc8e6798602,1,33f6400b-c79b-48c3-a71d-901c75fdca42,9e53b96e-58c3-42d0-bd41-4770c9355910
6f4b3f2d-ef39-4901-8009-edc8e6798602,1,318aa8a3-3c89-43f5-88e0-fce0cbd466f4,913e4b53-e34b-4fb5-ac4e-8fea4b73be6f
6f4b3f2d-ef39-4901-8009-edc8e6798602,1,51ec126a-abcb-4a7b-a08b-1e7fa624fe73,ff7e0b47-e6ae-43e2-a6f1-4e6fdbaf4497
6f4b3f2d-ef39-4901-8009-edc8e6798602,1,dddf847f-4967-4df2-8b61-76b02d29db23,913e4b53-e34b-4fb5-ac4e-8fea4b73be6f
6f4b3f2d-ef39-4901-8009-edc8e6798602,1,a4cd67b5-39f8-444d-8464-856bdc1c13e5,464ffa36-4e42-4eaa-a357-3d5ecf3d1256
6f4b3f2d-ef39-4901-8009-edc8e6798602,1,6abb1572-6038-4c74-b98b-39a6c471a183,913e4b53-e34b-4fb5-ac4e-8fea4b73be6f
6f4b3f2d-ef39-4901-8009-edc8e6798602,1,d591d318-cc2a-478c-87a9-d13521d2bbf6,cc12dd97-95e7-4f30-8f88-0fa1eb614093
6f4b3f2d-ef39-4901-8009-edc8e6798602,1,2777510c-672b-4ca7-92dd-196e2514c1fd,913e4b53-e34b-4fb5-ac4e-8fea4b73be6f
6f4b3f2d-ef39-4901-8009-edc8e6798602,1,e02d1851-77be-496b-bf3e-1d33be793e9c,73cb25d5-51c0-45c6-b512-0093b9a689e7
6f4b3f2d-ef39-4901-8009-edc8e6798602,1,77c2d288-2b65-42e5-a489-baab0cbd189f,464ffa36-4e42-4eaa-a357-3d5ecf3d1256
6f4b3f2d-ef39-4901-8009-edc8e6798602,1,f499258a-d33d-4278-beb5-f0ff44ccc905,913e4b53-e34b-4fb5-ac4e-8fea4b73be6f
6f4b3f2d-ef39-4901-8009-edc8e6798602,1,ae7ab130-009e-4911-9748-900fe898334d,ff7e0b47-e6ae-43e2-a6f1-4e6fdbaf4497
6f4b3f2d-ef39-4901-8009-edc8e6798602,1,535232f3-b8b9-4186-a2d8-ee9bd30af012,d62b4fa3-381b-4953-948d-143f3d8ea9e7
6f4b3f2d-ef39-4901-8009-edc8e6798602,1,69d15250-4737-4e4a-8d16-d50057fd56e0,216a3e29-d34d-4ea8-8549-dd6b5e9b30be
6f4b3f2d-ef39-4901-8009-edc8e6798602,1,dbf04494-8341-4d26-ab32-f4784feced21,30e7f88f-363a-47a1-96d8-2de735550f7a
6f4b3f2d-ef39-4901-8009-edc8e6798602,1,d377fd00-fae7-4fe1-9b4c-e80e396a57db,6249ca85-13ef-44d7-8d45-6708f927fcef
4abf0869-8042-4881-91fc-b98c83efba3b,1,f7aae502-3378-4f0b-a636-904269ac5b2f,9e53b96e-58c3-42d0-bd41-4770c9355910
4abf0869-8042-4881-91fc-b98c83efba3b,1,33f6400b-c79b-48c3-a71d-901c75fdca42,9e53b96e-58c3-42d0-bd41-4770c9355910
4abf0869-8042-4881-91fc-b98c83efba3b,1,d591d318-cc2a-478c-87a9-d13521d2bbf6,cc12dd97-95e7-4f30-8f88-0fa1eb614093
4abf0869-8042-4881-91fc-b98c83efba3b,1,b927a379-2293-44ad-a71a-b5e6dd804c34,913e4b53-e34b-4fb5-ac4e-8fea4b73be6f
4abf0869-8042-4881-91fc-b98c83efba3b,1,6abb1572-6038-4c74-b98b-39a6c471a183,913e4b53-e34b-4fb5-ac4e-8fea4b73be6f
4abf0869-8042-4881-91fc-b98c83efba3b,1,2777510c-672b-4ca7-92dd-196e2514c1fd,913e4b53-e34b-4fb5-ac4e-8fea4b73be6f
4abf0869-8042-4881-91fc-b98c83efba3b,1,318aa8a3-3c89-43f5-88e0-fce0cbd466f4,913e4b53-e34b-4fb5-ac4e-8fea4b73be6f
4abf0869-8042-4881-91fc-b98c83efba3b,1,a4cd67b5-39f8-444d-8464-856bdc1c13e5,464ffa36-4e42-4eaa-a357-3d5ecf3d1256
4abf0869-8042-4881-91fc-b98c83efba3b,1,77c2d288-2b65-42e5-a489-baab0cbd189f,464ffa36-4e42-4eaa-a357-3d5ecf3d1256
4abf0869-8042-4881-91fc-b98c83efba3b,1,51ec126a-abcb-4a7b-a08b-1e7fa624fe73,ff7e0b47-e6ae-43e2-a6f1-4e6fdbaf4497
4abf0869-8042-4881-91fc-b98c83efba3b,1,e02d1851-77be-496b-bf3e-1d33be793e9c,73cb25d5-51c0-45c6-b512-0093b9a689e7
4abf0869-8042-4881-91fc-b98c83efba3b,1,dddf847f-4967-4df2-8b61-76b02d29db23,913e4b53-e34b-4fb5-ac4e-8fea4b73be6f
4abf0869-8042-4881-91fc-b98c83efba3b,1,f499258a-d33d-4278-beb5-f0ff44ccc905,913e4b53-e34b-4fb5-ac4e-8fea4b73be6f
4abf0869-8042-4881-91fc-b98c83efba3b,1,ae7ab130-009e-4911-9748-900fe898334d,ff7e0b47-e6ae-43e2-a6f1-4e6fdbaf4497
4abf0869-8042-4881-91fc-b98c83efba3b,1,684d5801-ac0e-4fea-b8eb-5dfd8d8730a5,8bf6a3ec-cd49-4ebc-8170-0c9b07c034a3
4abf0869-8042-4881-91fc-b98c83efba3b,1,535232f3-b8b9-4186-a2d8-ee9bd30af012,d62b4fa3-381b-4953-948d-143f3d8ea9e7
4abf0869-8042-4881-91fc-b98c83efba3b,1,69d15250-4737-4e4a-8d16-d50057fd56e0,216a3e29-d34d-4ea8-8549-dd6b5e9b30be
4abf0869-8042-4881-91fc-b98c83efba3b,1,dbf04494-8341-4d26-ab32-f4784feced21,30e7f88f-363a-47a1-96d8-2de735550f7a
4abf0869-8042-4881-91fc-b98c83efba3b,1,d377fd00-fae7-4fe1-9b4c-e80e396a57db,6249ca85-13ef-44d7-8d45-6708f927fcef
4abf0869-8042-4881-91fc-b98c83efba3b,1,a4f8d3a1-ea2a-415e-a4cd-12504916ca86,8bf6a3ec-cd49-4ebc-8170-0c9b07c034a3
8eddfca2-cee8-4dbf-8c53-dd5ec34b30b9,1,e02d1851-77be-496b-bf3e-1d33be793e9c,73cb25d5-51c0-45c6-b512-0093b9a689e7
8eddfca2-cee8-4dbf-8c53-dd5ec34b30b9,1,318aa8a3-3c89-43f5-88e0-fce0cbd466f4,913e4b53-e34b-4fb5-ac4e-8fea4b73be6f
8eddfca2-cee8-4dbf-8c53-dd5ec34b30b9,1,2777510c-672b-4ca7-92dd-196e2514c1fd,913e4b53-e34b-4fb5-ac4e-8fea4b73be6f
8eddfca2-cee8-4dbf-8c53-dd5ec34b30b9,1,b927a379-2293-44ad-a71a-b5e6dd804c34,913e4b53-e34b-4fb5-ac4e-8fea4b73be6f
8eddfca2-cee8-4dbf-8c53-dd5ec34b30b9,1,6abb1572-6038-4c74-b98b-39a6c471a183,913e4b53-e34b-4fb5-ac4e-8fea4b73be6f
8eddfca2-cee8-4dbf-8c53-dd5ec34b30b9,1,dddf847f-4967-4df2-8b61-76b02d29db23,913e4b53-e34b-4fb5-ac4e-8fea4b73be6f
8eddfca2-cee8-4dbf-8c53-dd5ec34b30b9,1,77c2d288-2b65-42e5-a489-baab0cbd189f,464ffa36-4e42-4eaa-a357-3d5ecf3d1256
8eddfca2-cee8-4dbf-8c53-dd5ec34b30b9,1,d591d318-cc2a-478c-87a9-d13521d2bbf6,cc12dd97-95e7-4f30-8f88-0fa1eb614093
8eddfca2-cee8-4dbf-8c53-dd5ec34b30b9,1,f7aae502-3378-4f0b-a636-904269ac5b2f,9e53b96e-58c3-42d0-bd41-4770c9355910
8eddfca2-cee8-4dbf-8c53-dd5ec34b30b9,1,a4cd67b5-39f8-444d-8464-856bdc1c13e5,464ffa36-4e42-4eaa-a357-3d5ecf3d1256
8eddfca2-cee8-4dbf-8c53-dd5ec34b30b9,1,51ec126a-abcb-4a7b-a08b-1e7fa624fe73,ff7e0b47-e6ae-43e2-a6f1-4e6fdbaf4497
8eddfca2-cee8-4dbf-8c53-dd5ec34b30b9,1,f499258a-d33d-4278-beb5-f0ff44ccc905,913e4b53-e34b-4fb5-ac4e-8fea4b73be6f
8eddfca2-cee8-4dbf-8c53-dd5ec34b30b9,1,684d5801-ac0e-4fea-b8eb-5dfd8d8730a5,8bf6a3ec-cd49-4ebc-8170-0c9b07c034a3
8eddfca2-cee8-4dbf-8c53-dd5ec34b30b9,1,ae7ab130-009e-4911-9748-900fe898334d,ff7e0b47-e6ae-43e2-a6f1-4e6fdbaf4497
8eddfca2-cee8-4dbf-8c53-dd5ec34b30b9,1,535232f3-b8b9-4186-a2d8-ee9bd30af012,d62b4fa3-381b-4953-948d-143f3d8ea9e7
8eddfca2-cee8-4dbf-8c53-dd5ec34b30b9,1,69d15250-4737-4e4a-8d16-d50057fd56e0,216a3e29-d34d-4ea8-8549-dd6b5e9b30be
8eddfca2-cee8-4dbf-8c53-dd5ec34b30b9,1,dbf04494-8341-4d26-ab32-f4784feced21,30e7f88f-363a-47a1-96d8-2de735550f7a
8eddfca2-cee8-4dbf-8c53-dd5ec34b30b9,1,d377fd00-fae7-4fe1-9b4c-e80e396a57db,6249ca85-13ef-44d7-8d45-6708f927fcef
27f4b2a3-bfa7-47c9-a6c1-3da6fc56a21d,2,b927a379-2293-44ad-a71a-b5e6dd804c34,913e4b53-e34b-4fb5-ac4e-8fea4b73be6f
27f4b2a3-bfa7-47c9-a6c1-3da6fc56a21d,2,51ec126a-abcb-4a7b-a08b-1e7fa624fe73,ff7e0b47-e6ae-43e2-a6f1-4e6fdbaf4497
27f4b2a3-bfa7-47c9-a6c1-3da6fc56a21d,2,6abb1572-6038-4c74-b98b-39a6c471a183,913e4b53-e34b-4fb5-ac4e-8fea4b73be6f
27f4b2a3-bfa7-47c9-a6c1-3da6fc56a21d,2,318aa8a3-3c89-43f5-88e0-fce0cbd466f4,913e4b53-e34b-4fb5-ac4e-8fea4b73be6f
27f4b2a3-bfa7-47c9-a6c1-3da6fc56a21d,2,f7aae502-3378-4f0b-a636-904269ac5b2f,913e4b53-e34b-4fb5-ac4e-8fea4b73be6f
27f4b2a3-bfa7-47c9-a6c1-3da6fc56a21d,2,33f6400b-c79b-48c3-a71d-901c75fdca42,913e4b53-e34b-4fb5-ac4e-8fea4b73be6f
27f4b2a3-bfa7-47c9-a6c1-3da6fc56a21d,2,2777510c-672b-4ca7-92dd-196e2514c1fd,913e4b53-e34b-4fb5-ac4e-8fea4b73be6f
27f4b2a3-bfa7-47c9-a6c1-3da6fc56a21d,2,dddf847f-4967-4df2-8b61-76b02d29db23,913e4b53-e34b-4fb5-ac4e-8fea4b73be6f
27f4b2a3-bfa7-47c9-a6c1-3da6fc56a21d,2,a4cd67b5-39f8-444d-8464-856bdc1c13e5,464ffa36-4e42-4eaa-a357-3d5ecf3d1256
27f4b2a3-bfa7-47c9-a6c1-3da6fc56a21d,2,77c2d288-2b65-42e5-a489-baab0cbd189f,464ffa36-4e42-4eaa-a357-3d5ecf3d1256
27f4b2a3-bfa7-47c9-a6c1-3da6fc56a21d,2,d591d318-cc2a-478c-87a9-d13521d2bbf6,913e4b53-e34b-4fb5-ac4e-8fea4b73be6f
27f4b2a3-bfa7-47c9-a6c1-3da6fc56a21d,2,e02d1851-77be-496b-bf3e-1d33be793e9c,73cb25d5-51c0-45c6-b512-0093b9a689e7
110a8b3c-1f86-404e-9590-123cea5642a5,2,6abb1572-6038-4c74-b98b-39a6c471a183,913e4b53-e34b-4fb5-ac4e-8fea4b73be6f
110a8b3c-1f86-404e-9590-123cea5642a5,2,f7aae502-3378-4f0b-a636-904269ac5b2f,913e4b53-e34b-4fb5-ac4e-8fea4b73be6f
110a8b3c-1f86-404e-9590-123cea5642a5,2,2777510c-672b-4ca7-92dd-196e2514c1fd,913e4b53-e34b-4fb5-ac4e-8fea4b73be6f
110a8b3c-1f86-404e-9590-123cea5642a5,2,d591d318-cc2a-478c-87a9-d13521d2bbf6,913e4b53-e34b-4fb5-ac4e-8fea4b73be6f
110a8b3c-1f86-404e-9590-123cea5642a5,2,e02d1851-77be-496b-bf3e-1d33be793e9c,73cb25d5-51c0-45c6-b512-0093b9a689e7
110a8b3c-1f86-404e-9590-123cea5642a5,2,77c2d288-2b65-42e5-a489-baab0cbd189f,464ffa36-4e42-4eaa-a357-3d5ecf3d1256
110a8b3c-1f86-404e-9590-123cea5642a5,2,a4cd67b5-39f8-444d-8464-856bdc1c13e5,464ffa36-4e42-4eaa-a357-3d5ecf3d1256
110a8b3c-1f86-404e-9590-123cea5642a5,2,318aa8a3-3c89-43f5-88e0-fce0cbd466f4,913e4b53-e34b-4fb5-ac4e-8fea4b73be6f
110a8b3c-1f86-404e-9590-123cea5642a5,2,b927a379-2293-44ad-a71a-b5e6dd804c34,913e4b53-e34b-4fb5-ac4e-8fea4b73be6f
110a8b3c-1f86-404e-9590-123cea5642a5,2,33f6400b-c79b-48c3-a71d-901c75fdca42,913e4b53-e34b-4fb5-ac4e-8fea4b73be6f
110a8b3c-1f86-404e-9590-123cea5642a5,2,51ec126a-abcb-4a7b-a08b-1e7fa624fe73,ff7e0b47-e6ae-43e2-a6f1-4e6fdbaf4497
110a8b3c-1f86-404e-9590-123cea5642a5,2,dddf847f-4967-4df2-8b61-76b02d29db23,913e4b53-e34b-4fb5-ac4e-8fea4b73be6f
110a8b3c-1f86-404e-9590-123cea5642a5,2,f499258a-d33d-4278-beb5-f0ff44ccc905,913e4b53-e34b-4fb5-ac4e-8fea4b73be6f
662b9ce7-2fac-4f7e-883d-bcbedf511e37,1,77c2d288-2b65-42e5-a489-baab0cbd189f,464ffa36-4e42-4eaa-a357-3d5ecf3d1256
662b9ce7-2fac-4f7e-883d-bcbedf511e37,1,6abb1572-6038-4c74-b98b-39a6c471a183,913e4b53-e34b-4fb5-ac4e-8fea4b73be6f
662b9ce7-2fac-4f7e-883d-bcbedf511e37,1,2777510c-672b-4ca7-92dd-196e2514c1fd,913e4b53-e34b-4fb5-ac4e-8fea4b73be6f
662b9ce7-2fac-4f7e-883d-bcbedf511e37,1,b927a379-2293-44ad-a71a-b5e6dd804c34,913e4b53-e34b-4fb5-ac4e-8fea4b73be6f
662b9ce7-2fac-4f7e-883d-bcbedf511e37,1,f7aae502-3378-4f0b-a636-904269ac5b2f,913e4b53-e34b-4fb5-ac4e-8fea4b73be6f
662b9ce7-2fac-4f7e-883d-bcbedf511e37,1,33f6400b-c79b-48c3-a71d-901c75fdca42,9e53b96e-58c3-42d0-bd41-4770c9355910
662b9ce7-2fac-4f7e-883d-bcbedf511e37,1,a4cd67b5-39f8-444d-8464-856bdc1c13e5,464ffa36-4e42-4eaa-a357-3d5ecf3d1256
662b9ce7-2fac-4f7e-883d-bcbedf511e37,1,51ec126a-abcb-4a7b-a08b-1e7fa624fe73,ff7e0b47-e6ae-43e2-a6f1-4e6fdbaf4497
662b9ce7-2fac-4f7e-883d-bcbedf511e37,1,dddf847f-4967-4df2-8b61-76b02d29db23,913e4b53-e34b-4fb5-ac4e-8fea4b73be6f
662b9ce7-2fac-4f7e-883d-bcbedf511e37,1,318aa8a3-3c89-43f5-88e0-fce0cbd466f4,913e4b53-e34b-4fb5-ac4e-8fea4b73be6f
662b9ce7-2fac-4f7e-883d-bcbedf511e37,1,e02d1851-77be-496b-bf3e-1d33be793e9c,73cb25d5-51c0-45c6-b512-0093b9a689e7
662b9ce7-2fac-4f7e-883d-bcbedf511e37,1,d591d318-cc2a-478c-87a9-d13521d2bbf6,cc12dd97-95e7-4f30-8f88-0fa1eb614093
662b9ce7-2fac-4f7e-883d-bcbedf511e37,1,f499258a-d33d-4278-beb5-f0ff44ccc905,913e4b53-e34b-4fb5-ac4e-8fea4b73be6f
662b9ce7-2fac-4f7e-883d-bcbedf511e37,1,ae7ab130-009e-4911-9748-900fe898334d,913e4b53-e34b-4fb5-ac4e-8fea4b73be6f
f09db3ea-de7a-4877-bb29-c34925a0cbfd,1,77c2d288-2b65-42e5-a489-baab0cbd189f,464ffa36-4e42-4eaa-a357-3d5ecf3d1256
f09db3ea-de7a-4877-bb29-c34925a0cbfd,1,51ec126a-abcb-4a7b-a08b-1e7fa624fe73,ff7e0b47-e6ae-43e2-a6f1-4e6fdbaf4497
f09db3ea-de7a-4877-bb29-c34925a0cbfd,1,d591d318-cc2a-478c-87a9-d13521d2bbf6,cc12dd97-95e7-4f30-8f88-0fa1eb614093
f09db3ea-de7a-4877-bb29-c34925a0cbfd,1,2777510c-672b-4ca7-92dd-196e2514c1fd,913e4b53-e34b-4fb5-ac4e-8fea4b73be6f
f09db3ea-de7a-4877-bb29-c34925a0cbfd,1,a4cd67b5-39f8-444d-8464-856bdc1c13e5,464ffa36-4e42-4eaa-a357-3d5ecf3d1256
f09db3ea-de7a-4877-bb29-c34925a0cbfd,1,dddf847f-4967-4df2-8b61-76b02d29db23,913e4b53-e34b-4fb5-ac4e-8fea4b73be6f
f09db3ea-de7a-4877-bb29-c34925a0cbfd,1,318aa8a3-3c89-43f5-88e0-fce0cbd466f4,913e4b53-e34b-4fb5-ac4e-8fea4b73be6f
f09db3ea-de7a-4877-bb29-c34925a0cbfd,1,b927a379-2293-44ad-a71a-b5e6dd804c34,913e4b53-e34b-4fb5-ac4e-8fea4b73be6f
f09db3ea-de7a-4877-bb29-c34925a0cbfd,1,6abb1572-6038-4c74-b98b-39a6c471a183,913e4b53-e34b-4fb5-ac4e-8fea4b73be6f
f09db3ea-de7a-4877-bb29-c34925a0cbfd,1,f7aae502-3378-4f0b-a636-904269ac5b2f,9e53b96e-58c3-42d0-bd41-4770c9355910
f09db3ea-de7a-4877-bb29-c34925a0cbfd,1,e02d1851-77be-496b-bf3e-1d33be793e9c,73cb25d5-51c0-45c6-b512-0093b9a689e7
f09db3ea-de7a-4877-bb29-c34925a0cbfd,1,f499258a-d33d-4278-beb5-f0ff44ccc905,913e4b53-e34b-4fb5-ac4e-8fea4b73be6f
f09db3ea-de7a-4877-bb29-c34925a0cbfd,1,684d5801-ac0e-4fea-b8eb-5dfd8d8730a5,8bf6a3ec-cd49-4ebc-8170-0c9b07c034a3
f09db3ea-de7a-4877-bb29-c34925a0cbfd,1,ae7ab130-009e-4911-9748-900fe898334d,ff7e0b47-e6ae-43e2-a6f1-4e6fdbaf4497
f09db3ea-de7a-4877-bb29-c34925a0cbfd,1,535232f3-b8b9-4186-a2d8-ee9bd30af012,d62b4fa3-381b-4953-948d-143f3d8ea9e7
f09db3ea-de7a-4877-bb29-c34925a0cbfd,1,69d15250-4737-4e4a-8d16-d50057fd56e0,216a3e29-d34d-4ea8-8549-dd6b5e9b30be
f09db3ea-de7a-4877-bb29-c34925a0cbfd,1,dbf04494-8341-4d26-ab32-f4784feced21,30e7f88f-363a-47a1-96d8-2de735550f7a
f09db3ea-de7a-4877-bb29-c34925a0cbfd,1,d377fd00-fae7-4fe1-9b4c-e80e396a57db,6249ca85-13ef-44d7-8d45-6708f927fcef
22ec0d75-c70c-44f2-9f9f-6a3d0b15ab9e,2,dddf847f-4967-4df2-8b61-76b02d29db23,913e4b53-e34b-4fb5-ac4e-8fea4b73be6f
22ec0d75-c70c-44f2-9f9f-6a3d0b15ab9e,2,33f6400b-c79b-48c3-a71d-901c75fdca42,913e4b53-e34b-4fb5-ac4e-8fea4b73be6f
22ec0d75-c70c-44f2-9f9f-6a3d0b15ab9e,2,e02d1851-77be-496b-bf3e-1d33be793e9c,73cb25d5-51c0-45c6-b512-0093b9a689e7
22ec0d75-c70c-44f2-9f9f-6a3d0b15ab9e,2,b927a379-2293-44ad-a71a-b5e6dd804c34,913e4b53-e34b-4fb5-ac4e-8fea4b73be6f
22ec0d75-c70c-44f2-9f9f-6a3d0b15ab9e,2,6abb1572-6038-4c74-b98b-39a6c471a183,913e4b53-e34b-4fb5-ac4e-8fea4b73be6f
22ec0d75-c70c-44f2-9f9f-6a3d0b15ab9e,2,318aa8a3-3c89-43f5-88e0-fce0cbd466f4,913e4b53-e34b-4fb5-ac4e-8fea4b73be6f
22ec0d75-c70c-44f2-9f9f-6a3d0b15ab9e,2,f7aae502-3378-4f0b-a636-904269ac5b2f,913e4b53-e34b-4fb5-ac4e-8fea4b73be6f
22ec0d75-c70c-44f2-9f9f-6a3d0b15ab9e,2,77c2d288-2b65-42e5-a489-baab0cbd189f,464ffa36-4e42-4eaa-a357-3d5ecf3d1256
22ec0d75-c70c-44f2-9f9f-6a3d0b15ab9e,2,51ec126a-abcb-4a7b-a08b-1e7fa624fe73,ff7e0b47-e6ae-43e2-a6f1-4e6fdbaf4497
22ec0d75-c70c-44f2-9f9f-6a3d0b15ab9e,2,d591d318-cc2a-478c-87a9-d13521d2bbf6,913e4b53-e34b-4fb5-ac4e-8fea4b73be6f
22ec0d75-c70c-44f2-9f9f-6a3d0b15ab9e,2,a4cd67b5-39f8-444d-8464-856bdc1c13e5,464ffa36-4e42-4eaa-a357-3d5ecf3d1256
22ec0d75-c70c-44f2-9f9f-6a3d0b15ab9e,2,2777510c-672b-4ca7-92dd-196e2514c1fd,913e4b53-e34b-4fb5-ac4e-8fea4b73be6f
164fb083-2545-49c0-86b3-0890b6d7c268,1,51ec126a-abcb-4a7b-a08b-1e7fa624fe73,ff7e0b47-e6ae-43e2-a6f1-4e6fdbaf4497
164fb083-2545-49c0-86b3-0890b6d7c268,1,33f6400b-c79b-48c3-a71d-901c75fdca42,9e53b96e-58c3-42d0-bd41-4770c9355910
164fb083-2545-49c0-86b3-0890b6d7c268,1,b927a379-2293-44ad-a71a-b5e6dd804c34,913e4b53-e34b-4fb5-ac4e-8fea4b73be6f
164fb083-2545-49c0-86b3-0890b6d7c268,1,6abb1572-6038-4c74-b98b-39a6c471a183,913e4b53-e34b-4fb5-ac4e-8fea4b73be6f
164fb083-2545-49c0-86b3-0890b6d7c268,1,318aa8a3-3c89-43f5-88e0-fce0cbd466f4,913e4b53-e34b-4fb5-ac4e-8fea4b73be6f
164fb083-2545-49c0-86b3-0890b6d7c268,1,77c2d288-2b65-42e5-a489-baab0cbd189f,464ffa36-4e42-4eaa-a357-3d5ecf3d1256
164fb083-2545-49c0-86b3-0890b6d7c268,1,2777510c-672b-4ca7-92dd-196e2514c1fd,913e4b53-e34b-4fb5-ac4e-8fea4b73be6f
164fb083-2545-49c0-86b3-0890b6d7c268,1,dddf847f-4967-4df2-8b61-76b02d29db23,913e4b53-e34b-4fb5-ac4e-8fea4b73be6f
164fb083-2545-49c0-86b3-0890b6d7c268,1,d591d318-cc2a-478c-87a9-d13521d2bbf6,cc12dd97-95e7-4f30-8f88-0fa1eb614093
164fb083-2545-49c0-86b3-0890b6d7c268,1,f7aae502-3378-4f0b-a636-904269ac5b2f,9e53b96e-58c3-42d0-bd41-4770c9355910
164fb083-2545-49c0-86b3-0890b6d7c268,1,a4cd67b5-39f8-444d-8464-856bdc1c13e5,464ffa36-4e42-4eaa-a357-3d5ecf3d1256
164fb083-2545-49c0-86b3-0890b6d7c268,1,e02d1851-77be-496b-bf3e-1d33be793e9c,73cb25d5-51c0-45c6-b512-0093b9a689e7
164fb083-2545-49c0-86b3-0890b6d7c268,1,f499258a-d33d-4278-beb5-f0ff44ccc905,913e4b53-e34b-4fb5-ac4e-8fea4b73be6f
164fb083-2545-49c0-86b3-0890b6d7c268,1,a4f8d3a1-ea2a-415e-a4cd-12504916ca86,8bf6a3ec-cd49-4ebc-8170-0c9b07c034a3
164fb083-2545-49c0-86b3-0890b6d7c268,1,684d5801-ac0e-4fea-b8eb-5dfd8d8730a5,8bf6a3ec-cd49-4ebc-8170-0c9b07c034a3
164fb083-2545-49c0-86b3-0890b6d7c268,1,ae7ab130-009e-4911-9748-900fe898334d,ff7e0b47-e6ae-43e2-a6f1-4e6fdbaf4497
164fb083-2545-49c0-86b3-0890b6d7c268,1,535232f3-b8b9-4186-a2d8-ee9bd30af012,d62b4fa3-381b-4953-948d-143f3d8ea9e7
164fb083-2545-49c0-86b3-0890b6d7c268,1,69d15250-4737-4e4a-8d16-d50057fd56e0,216a3e29-d34d-4ea8-8549-dd6b5e9b30be
164fb083-2545-49c0-86b3-0890b6d7c268,1,dbf04494-8341-4d26-ab32-f4784feced21,30e7f88f-363a-47a1-96d8-2de735550f7a
164fb083-2545-49c0-86b3-0890b6d7c268,1,d377fd00-fae7-4fe1-9b4c-e80e396a57db,6249ca85-13ef-44d7-8d45-6708f927fcef
eb8df122-5159-4329-86a4-8b63ccce1c12,1,a4cd67b5-39f8-444d-8464-856bdc1c13e5,464ffa36-4e42-4eaa-a357-3d5ecf3d1256
eb8df122-5159-4329-86a4-8b63ccce1c12,1,d591d318-cc2a-478c-87a9-d13521d2bbf6,cc12dd97-95e7-4f30-8f88-0fa1eb614093
eb8df122-5159-4329-86a4-8b63ccce1c12,1,318aa8a3-3c89-43f5-88e0-fce0cbd466f4,913e4b53-e34b-4fb5-ac4e-8fea4b73be6f
eb8df122-5159-4329-86a4-8b63ccce1c12,1,e02d1851-77be-496b-bf3e-1d33be793e9c,73cb25d5-51c0-45c6-b512-0093b9a689e7
eb8df122-5159-4329-86a4-8b63ccce1c12,1,2777510c-672b-4ca7-92dd-196e2514c1fd,913e4b53-e34b-4fb5-ac4e-8fea4b73be6f
eb8df122-5159-4329-86a4-8b63ccce1c12,1,33f6400b-c79b-48c3-a71d-901c75fdca42,9e53b96e-58c3-42d0-bd41-4770c9355910
eb8df122-5159-4329-86a4-8b63ccce1c12,1,b927a379-2293-44ad-a71a-b5e6dd804c34,913e4b53-e34b-4fb5-ac4e-8fea4b73be6f
eb8df122-5159-4329-86a4-8b63ccce1c12,1,77c2d288-2b65-42e5-a489-baab0cbd189f,464ffa36-4e42-4eaa-a357-3d5ecf3d1256
eb8df122-5159-4329-86a4-8b63ccce1c12,1,f499258a-d33d-4278-beb5-f0ff44ccc905,913e4b53-e34b-4fb5-ac4e-8fea4b73be6f
eb8df122-5159-4329-86a4-8b63ccce1c12,1,6abb1572-6038-4c74-b98b-39a6c471a183,913e4b53-e34b-4fb5-ac4e-8fea4b73be6f
eb8df122-5159-4329-86a4-8b63ccce1c12,1,f7aae502-3378-4f0b-a636-904269ac5b2f,9e53b96e-58c3-42d0-bd41-4770c9355910
eb8df122-5159-4329-86a4-8b63ccce1c12,1,dddf847f-4967-4df2-8b61-76b02d29db23,913e4b53-e34b-4fb5-ac4e-8fea4b73be6f
eb8df122-5159-4329-86a4-8b63ccce1c12,1,51ec126a-abcb-4a7b-a08b-1e7fa624fe73,ff7e0b47-e6ae-43e2-a6f1-4e6fdbaf4497
eb8df122-5159-4329-86a4-8b63ccce1c12,1,ae7ab130-009e-4911-9748-900fe898334d,ff7e0b47-e6ae-43e2-a6f1-4e6fdbaf4497
eb8df122-5159-4329-86a4-8b63ccce1c12,1,535232f3-b8b9-4186-a2d8-ee9bd30af012,d62b4fa3-381b-4953-948d-143f3d8ea9e7
eb8df122-5159-4329-86a4-8b63ccce1c12,1,69d15250-4737-4e4a-8d16-d50057fd56e0,216a3e29-d34d-4ea8-8549-dd6b5e9b30be
eb8df122-5159-4329-86a4-8b63ccce1c12,1,dbf04494-8341-4d26-ab32-f4784feced21,30e7f88f-363a-47a1-96d8-2de735550f7a
eb8df122-5159-4329-86a4-8b63ccce1c12,1,d377fd00-fae7-4fe1-9b4c-e80e396a57db,6249ca85-13ef-44d7-8d45-6708f927fcef
b00b0aec-77f1-485d-b18f-ea6359c33f2e,1,e02d1851-77be-496b-bf3e-1d33be793e9c,73cb25d5-51c0-45c6-b512-0093b9a689e7
b00b0aec-77f1-485d-b18f-ea6359c33f2e,1,f499258a-d33d-4278-beb5-f0ff44ccc905,913e4b53-e34b-4fb5-ac4e-8fea4b73be6f
b00b0aec-77f1-485d-b18f-ea6359c33f2e,1,2777510c-672b-4ca7-92dd-196e2514c1fd,913e4b53-e34b-4fb5-ac4e-8fea4b73be6f
b00b0aec-77f1-485d-b18f-ea6359c33f2e,1,d591d318-cc2a-478c-87a9-d13521d2bbf6,cc12dd97-95e7-4f30-8f88-0fa1eb614093
b00b0aec-77f1-485d-b18f-ea6359c33f2e,1,51ec126a-abcb-4a7b-a08b-1e7fa624fe73,ff7e0b47-e6ae-43e2-a6f1-4e6fdbaf4497
b00b0aec-77f1-485d-b18f-ea6359c33f2e,1,318aa8a3-3c89-43f5-88e0-fce0cbd466f4,913e4b53-e34b-4fb5-ac4e-8fea4b73be6f
b00b0aec-77f1-485d-b18f-ea6359c33f2e,1,f7aae502-3378-4f0b-a636-904269ac5b2f,9e53b96e-58c3-42d0-bd41-4770c9355910
b00b0aec-77f1-485d-b18f-ea6359c33f2e,1,6abb1572-6038-4c74-b98b-39a6c471a183,913e4b53-e34b-4fb5-ac4e-8fea4b73be6f
b00b0aec-77f1-485d-b18f-ea6359c33f2e,1,77c2d288-2b65-42e5-a489-baab0cbd189f,464ffa36-4e42-4eaa-a357-3d5ecf3d1256
b00b0aec-77f1-485d-b18f-ea6359c33f2e,1,b927a379-2293-44ad-a71a-b5e6dd804c34,913e4b53-e34b-4fb5-ac4e-8fea4b73be6f
b00b0aec-77f1-485d-b18f-ea6359c33f2e,1,dddf847f-4967-4df2-8b61-76b02d29db23,913e4b53-e34b-4fb5-ac4e-8fea4b73be6f
b00b0aec-77f1-485d-b18f-ea6359c33f2e,1,a4cd67b5-39f8-444d-8464-856bdc1c13e5,464ffa36-4e42-4eaa-a357-3d5ecf3d1256
b00b0aec-77f1-485d-b18f-ea6359c33f2e,1,684d5801-ac0e-4fea-b8eb-5dfd8d8730a5,8bf6a3ec-cd49-4ebc-8170-0c9b07c034a3
b00b0aec-77f1-485d-b18f-ea6359c33f2e,1,ae7ab130-009e-4911-9748-900fe898334d,ff7e0b47-e6ae-43e2-a6f1-4e6fdbaf4497
b00b0aec-77f1-485d-b18f-ea6359c33f2e,1,535232f3-b8b9-4186-a2d8-ee9bd30af012,d62b4fa3-381b-4953-948d-143f3d8ea9e7
b00b0aec-77f1-485d-b18f-ea6359c33f2e,1,69d15250-4737-4e4a-8d16-d50057fd56e0,216a3e29-d34d-4ea8-8549-dd6b5e9b30be
b00b0aec-77f1-485d-b18f-ea6359c33f2e,1,dbf04494-8341-4d26-ab32-f4784feced21,30e7f88f-363a-47a1-96d8-2de735550f7a
b00b0aec-77f1-485d-b18f-ea6359c33f2e,1,d377fd00-fae7-4fe1-9b4c-e80e396a57db,6249ca85-13ef-44d7-8d45-6708f927fcef
39dfd9b6-7ed8-4b05-a91d-7a99f0c24372,2,2777510c-672b-4ca7-92dd-196e2514c1fd,913e4b53-e34b-4fb5-ac4e-8fea4b73be6f
39dfd9b6-7ed8-4b05-a91d-7a99f0c24372,2,318aa8a3-3c89-43f5-88e0-fce0cbd466f4,913e4b53-e34b-4fb5-ac4e-8fea4b73be6f
39dfd9b6-7ed8-4b05-a91d-7a99f0c24372,2,a4cd67b5-39f8-444d-8464-856bdc1c13e5,464ffa36-4e42-4eaa-a357-3d5ecf3d1256
39dfd9b6-7ed8-4b05-a91d-7a99f0c24372,2,6abb1572-6038-4c74-b98b-39a6c471a183,913e4b53-e34b-4fb5-ac4e-8fea4b73be6f
39dfd9b6-7ed8-4b05-a91d-7a99f0c24372,2,b927a379-2293-44ad-a71a-b5e6dd804c34,913e4b53-e34b-4fb5-ac4e-8fea4b73be6f
39dfd9b6-7ed8-4b05-a91d-7a99f0c24372,2,f499258a-d33d-4278-beb5-f0ff44ccc905,913e4b53-e34b-4fb5-ac4e-8fea4b73be6f
39dfd9b6-7ed8-4b05-a91d-7a99f0c24372,2,51ec126a-abcb-4a7b-a08b-1e7fa624fe73,ff7e0b47-e6ae-43e2-a6f1-4e6fdbaf4497
33231928-0df6-4908-acbf-725e2b3ab196,1,51ec126a-abcb-4a7b-a08b-1e7fa624fe73,ff7e0b47-e6ae-43e2-a6f1-4e6fdbaf4497
33231928-0df6-4908-acbf-725e2b3ab196,1,77c2d288-2b65-42e5-a489-baab0cbd189f,464ffa36-4e42-4eaa-a357-3d5ecf3d1256
33231928-0df6-4908-acbf-725e2b3ab196,1,318aa8a3-3c89-43f5-88e0-fce0cbd466f4,913e4b53-e34b-4fb5-ac4e-8fea4b73be6f
33231928-0df6-4908-acbf-725e2b3ab196,1,e02d1851-77be-496b-bf3e-1d33be793e9c,73cb25d5-51c0-45c6-b512-0093b9a689e7
33231928-0df6-4908-acbf-725e2b3ab196,1,b927a379-2293-44ad-a71a-b5e6dd804c34,913e4b53-e34b-4fb5-ac4e-8fea4b73be6f
33231928-0df6-4908-acbf-725e2b3ab196,1,f499258a-d33d-4278-beb5-f0ff44ccc905,913e4b53-e34b-4fb5-ac4e-8fea4b73be6f
33231928-0df6-4908-acbf-725e2b3ab196,1,6abb1572-6038-4c74-b98b-39a6c471a183,913e4b53-e34b-4fb5-ac4e-8fea4b73be6f
33231928-0df6-4908-acbf-725e2b3ab196,1,a4cd67b5-39f8-444d-8464-856bdc1c13e5,464ffa36-4e42-4eaa-a357-3d5ecf3d1256
33231928-0df6-4908-acbf-725e2b3ab196,1,dddf847f-4967-4df2-8b61-76b02d29db23,913e4b53-e34b-4fb5-ac4e-8fea4b73be6f
33231928-0df6-4908-acbf-725e2b3ab196,1,2777510c-672b-4ca7-92dd-196e2514c1fd,913e4b53-e34b-4fb5-ac4e-8fea4b73be6f
33231928-0df6-4908-acbf-725e2b3ab196,1,d591d318-cc2a-478c-87a9-d13521d2bbf6,cc12dd97-95e7-4f30-8f88-0fa1eb614093
33231928-0df6-4908-acbf-725e2b3ab196,1,684d5801-ac0e-4fea-b8eb-5dfd8d8730a5,8bf6a3ec-cd49-4ebc-8170-0c9b07c034a3
33231928-0df6-4908-acbf-725e2b3ab196,1,ae7ab130-009e-4911-9748-900fe898334d,ff7e0b47-e6ae-43e2-a6f1-4e6fdbaf4497
33231928-0df6-4908-acbf-725e2b3ab196,1,535232f3-b8b9-4186-a2d8-ee9bd30af012,d62b4fa3-381b-4953-948d-143f3d8ea9e7
33231928-0df6-4908-acbf-725e2b3ab196,1,69d15250-4737-4e4a-8d16-d50057fd56e0,216a3e29-d34d-4ea8-8549-dd6b5e9b30be
33231928-0df6-4908-acbf-725e2b3ab196,1,dbf04494-8341-4d26-ab32-f4784feced21,30e7f88f-363a-47a1-96d8-2de735550f7a
33231928-0df6-4908-acbf-725e2b3ab196,1,d377fd00-fae7-4fe1-9b4c-e80e396a57db,6249ca85-13ef-44d7-8d45-6708f927fcef
dbe98059-c689-4381-af23-a61450ca8513,1,77c2d288-2b65-42e5-a489-baab0cbd189f,464ffa36-4e42-4eaa-a357-3d5ecf3d1256
dbe98059-c689-4381-af23-a61450ca8513,1,dddf847f-4967-4df2-8b61-76b02d29db23,913e4b53-e34b-4fb5-ac4e-8fea4b73be6f
dbe98059-c689-4381-af23-a61450ca8513,1,b927a379-2293-44ad-a71a-b5e6dd804c34,913e4b53-e34b-4fb5-ac4e-8fea4b73be6f
dbe98059-c689-4381-af23-a61450ca8513,1,2777510c-672b-4ca7-92dd-196e2514c1fd,913e4b53-e34b-4fb5-ac4e-8fea4b73be6f
dbe98059-c689-4381-af23-a61450ca8513,1,f499258a-d33d-4278-beb5-f0ff44ccc905,913e4b53-e34b-4fb5-ac4e-8fea4b73be6f
dbe98059-c689-4381-af23-a61450ca8513,1,51ec126a-abcb-4a7b-a08b-1e7fa624fe73,ff7e0b47-e6ae-43e2-a6f1-4e6fdbaf4497
dbe98059-c689-4381-af23-a61450ca8513,1,a4cd67b5-39f8-444d-8464-856bdc1c13e5,464ffa36-4e42-4eaa-a357-3d5ecf3d1256
dbe98059-c689-4381-af23-a61450ca8513,1,318aa8a3-3c89-43f5-88e0-fce0cbd466f4,913e4b53-e34b-4fb5-ac4e-8fea4b73be6f
dbe98059-c689-4381-af23-a61450ca8513,1,33f6400b-c79b-48c3-a71d-901c75fdca42,9e53b96e-58c3-42d0-bd41-4770c9355910
dbe98059-c689-4381-af23-a61450ca8513,1,d591d318-cc2a-478c-87a9-d13521d2bbf6,cc12dd97-95e7-4f30-8f88-0fa1eb614093
dbe98059-c689-4381-af23-a61450ca8513,1,f7aae502-3378-4f0b-a636-904269ac5b2f,9e53b96e-58c3-42d0-bd41-4770c9355910
dbe98059-c689-4381-af23-a61450ca8513,1,e02d1851-77be-496b-bf3e-1d33be793e9c,73cb25d5-51c0-45c6-b512-0093b9a689e7
dbe98059-c689-4381-af23-a61450ca8513,1,6abb1572-6038-4c74-b98b-39a6c471a183,913e4b53-e34b-4fb5-ac4e-8fea4b73be6f
dbe98059-c689-4381-af23-a61450ca8513,1,684d5801-ac0e-4fea-b8eb-5dfd8d8730a5,8bf6a3ec-cd49-4ebc-8170-0c9b07c034a3
dbe98059-c689-4381-af23-a61450ca8513,1,ae7ab130-009e-4911-9748-900fe898334d,ff7e0b47-e6ae-43e2-a6f1-4e6fdbaf4497
dbe98059-c689-4381-af23-a61450ca8513,1,535232f3-b8b9-4186-a2d8-ee9bd30af012,d62b4fa3-381b-4953-948d-143f3d8ea9e7
dbe98059-c689-4381-af23-a61450ca8513,1,69d15250-4737-4e4a-8d16-d50057fd56e0,216a3e29-d34d-4ea8-8549-dd6b5e9b30be
dbe98059-c689-4381-af23-a61450ca8513,1,dbf04494-8341-4d26-ab32-f4784feced21,30e7f88f-363a-47a1-96d8-2de735550f7a
dbe98059-c689-4381-af23-a61450ca8513,1,d377fd00-fae7-4fe1-9b4c-e80e396a57db,6249ca85-13ef-44d7-8d45-6708f927fcef
d35ffbaa-7b85-48d8-9dd1-2b6415456e7f,1,dddf847f-4967-4df2-8b61-76b02d29db23,913e4b53-e34b-4fb5-ac4e-8fea4b73be6f
d35ffbaa-7b85-48d8-9dd1-2b6415456e7f,1,6abb1572-6038-4c74-b98b-39a6c471a183,913e4b53-e34b-4fb5-ac4e-8fea4b73be6f
d35ffbaa-7b85-48d8-9dd1-2b6415456e7f,1,318aa8a3-3c89-43f5-88e0-fce0cbd466f4,913e4b53-e34b-4fb5-ac4e-8fea4b73be6f
d35ffbaa-7b85-48d8-9dd1-2b6415456e7f,1,51ec126a-abcb-4a7b-a08b-1e7fa624fe73,ff7e0b47-e6ae-43e2-a6f1-4e6fdbaf4497
d35ffbaa-7b85-48d8-9dd1-2b6415456e7f,1,f499258a-d33d-4278-beb5-f0ff44ccc905,913e4b53-e34b-4fb5-ac4e-8fea4b73be6f
d35ffbaa-7b85-48d8-9dd1-2b6415456e7f,1,2777510c-672b-4ca7-92dd-196e2514c1fd,913e4b53-e34b-4fb5-ac4e-8fea4b73be6f
d35ffbaa-7b85-48d8-9dd1-2b6415456e7f,1,a4cd67b5-39f8-444d-8464-856bdc1c13e5,464ffa36-4e42-4eaa-a357-3d5ecf3d1256
d35ffbaa-7b85-48d8-9dd1-2b6415456e7f,1,b927a379-2293-44ad-a71a-b5e6dd804c34,913e4b53-e34b-4fb5-ac4e-8fea4b73be6f
d35ffbaa-7b85-48d8-9dd1-2b6415456e7f,1,d591d318-cc2a-478c-87a9-d13521d2bbf6,cc12dd97-95e7-4f30-8f88-0fa1eb614093
d35ffbaa-7b85-48d8-9dd1-2b6415456e7f,1,e02d1851-77be-496b-bf3e-1d33be793e9c,73cb25d5-51c0-45c6-b512-0093b9a689e7
d35ffbaa-7b85-48d8-9dd1-2b6415456e7f,1,ae7ab130-009e-4911-9748-900fe898334d,913e4b53-e34b-4fb5-ac4e-8fea4b73be6f
3e409e46-d92f-410d-9e7c-ac4c81955572,1,6abb1572-6038-4c74-b98b-39a6c471a183,913e4b53-e34b-4fb5-ac4e-8fea4b73be6f
3e409e46-d92f-410d-9e7c-ac4c81955572,1,f7aae502-3378-4f0b-a636-904269ac5b2f,9e53b96e-58c3-42d0-bd41-4770c9355910
3e409e46-d92f-410d-9e7c-ac4c81955572,1,51ec126a-abcb-4a7b-a08b-1e7fa624fe73,ff7e0b47-e6ae-43e2-a6f1-4e6fdbaf4497
3e409e46-d92f-410d-9e7c-ac4c81955572,1,2777510c-672b-4ca7-92dd-196e2514c1fd,913e4b53-e34b-4fb5-ac4e-8fea4b73be6f
3e409e46-d92f-410d-9e7c-ac4c81955572,1,d377fd00-fae7-4fe1-9b4c-e80e396a57db,6249ca85-13ef-44d7-8d45-6708f927fcef
3e409e46-d92f-410d-9e7c-ac4c81955572,1,69d15250-4737-4e4a-8d16-d50057fd56e0,216a3e29-d34d-4ea8-8549-dd6b5e9b30be
3e409e46-d92f-410d-9e7c-ac4c81955572,1,e02d1851-77be-496b-bf3e-1d33be793e9c,73cb25d5-51c0-45c6-b512-0093b9a689e7
3e409e46-d92f-410d-9e7c-ac4c81955572,1,dddf847f-4967-4df2-8b61-76b02d29db23,913e4b53-e34b-4fb5-ac4e-8fea4b73be6f
3e409e46-d92f-410d-9e7c-ac4c81955572,1,ae7ab130-009e-4911-9748-900fe898334d,913e4b53-e34b-4fb5-ac4e-8fea4b73be6f
3e409e46-d92f-410d-9e7c-ac4c81955572,1,b927a379-2293-44ad-a71a-b5e6dd804c34,913e4b53-e34b-4fb5-ac4e-8fea4b73be6f
3e409e46-d92f-410d-9e7c-ac4c81955572,1,318aa8a3-3c89-43f5-88e0-fce0cbd466f4,913e4b53-e34b-4fb5-ac4e-8fea4b73be6f
3e409e46-d92f-410d-9e7c-ac4c81955572,1,a4cd67b5-39f8-444d-8464-856bdc1c13e5,464ffa36-4e42-4eaa-a357-3d5ecf3d1256
3e409e46-d92f-410d-9e7c-ac4c81955572,1,77c2d288-2b65-42e5-a489-baab0cbd189f,464ffa36-4e42-4eaa-a357-3d5ecf3d1256
3e409e46-d92f-410d-9e7c-ac4c81955572,1,535232f3-b8b9-4186-a2d8-ee9bd30af012,d62b4fa3-381b-4953-948d-143f3d8ea9e7
3e409e46-d92f-410d-9e7c-ac4c81955572,1,f499258a-d33d-4278-beb5-f0ff44ccc905,913e4b53-e34b-4fb5-ac4e-8fea4b73be6f
3e409e46-d92f-410d-9e7c-ac4c81955572,1,d591d318-cc2a-478c-87a9-d13521d2bbf6,cc12dd97-95e7-4f30-8f88-0fa1eb614093
3e409e46-d92f-410d-9e7c-ac4c81955572,1,dbf04494-8341-4d26-ab32-f4784feced21,30e7f88f-363a-47a1-96d8-2de735550f7a
3e409e46-d92f-410d-9e7c-ac4c81955572,1,33f6400b-c79b-48c3-a71d-901c75fdca42,9e53b96e-58c3-42d0-bd41-4770c9355910
3e409e46-d92f-410d-9e7c-ac4c81955572,1,a4f8d3a1-ea2a-415e-a4cd-12504916ca86,8bf6a3ec-cd49-4ebc-8170-0c9b07c034a3
